customer_id,tenure_months,monthly_spend,plan_type,num_complaints,auto_pay,contract_type,region,support_calls,last_login_days,discount_applied,total_charges,churned
10001,51.0,371.21,basic,1.0,False,biennial,North,1.0,7.0,yes,20852.58,0
10002,14.0,1295.14,premium,0.0,True,biennial,West,2.0,46.0,no,18179.94,0
10003,71.0,,standard,0.0,False,monthly,West,0.0,52.0,yes,52126.86,1
10004,60.0,1296.46,premium,1.0,True,annual,North,2.0,54.0,yes,78303.06,0
10005,20.0,671.27,standard,2.0,True,monthly,South,3.0,18.0,no,12971.94,1
10006,23.0,878.41,,1.0,True,biennial,South,1.0,46.0,no,21350.5,0
10007,2.0,467.92,basic,1.0,True,monthly,West,2.0,39.0,no,692.98,0
10008,21.0,638.35,standard,0.0,True,annual,East,1.0,39.0,yes,,0
10009,52.0,420.86,basic,2.0,True,,South,6.0,,yes,20548.35,0
10010,1.0,568.47,standard,0.0,False,monthly,,0.0,8.0,no,0.0,1
10011,29.0,700.8,standard,3.0,False,monthly,North,4.0,29.0,no,20876.86,1
10012,,1627.54,premium,3.0,True,biennial,North,4.0,55.0,yes,61322.71,0
10013,1.0,1278.65,premium,1.0,True,annual,West,3.0,16.0,no,3224.32,1
10014,63.0,719.87,standard,0.0,True,monthly,West,0.0,39.0,yes,44542.44,1
10015,59.0,268.85,basic,,,annual,West,2.0,43.0,no,17325.89,1
10016,20.0,412.63,basic,1.0,False,annual,West,1.0,58.0,,9567.05,1
10017,32.0,598.31,standard,3.0,True,monthly,North,3.0,14.0,no,18654.76,1
10018,57.0,352.41,basic,1.0,False,monthly,,5.0,3.0,no,,1
10019,21.0,329.47,basic,0.0,True,biennial,West,1.0,5.0,no,7863.09,0
10020,48.0,157.78,basic,2.0,True,annual,West,2.0,60.0,no,8715.62,0
10021,58.0,383.94,basic,0.0,True,monthly,North,,15.0,no,24435.88,0
10022,41.0,361.47,basic,0.0,True,annual,West,2.0,25.0,no,15920.93,0
10023,59.0,468.33,basic,1.0,True,monthly,West,3.0,56.0,yes,25494.57,1
10024,14.0,398.89,basic,1.0,True,monthly,West,2.0,36.0,no,5907.02,1
10025,61.0,533.27,basic,1.0,False,monthly,West,3.0,22.0,yes,,0
10026,61.0,785.68,premium,0.0,True,monthly,South,0.0,12.0,no,48077.93,0
10027,46.0,341.56,,3.0,True,annual,West,5.0,46.0,yes,15805.39,1
10028,61.0,,basic,1.0,True,biennial,North,3.0,16.0,no,19866.56,0
10029,50.0,390.28,standard,0.0,True,monthly,North,2.0,56.0,,18486.4,0
10030,54.0,173.38,basic,2.0,True,monthly,North,2.0,53.0,yes,8832.19,0
10031,63.0,759.03,premium,2.0,True,annual,North,2.0,26.0,yes,47481.73,0
10032,2.0,587.77,standard,1.0,True,biennial,West,4.0,51.0,no,,0
10033,50.0,386.16,basic,,True,annual,South,1.0,21.0,no,19413.43,0
10034,6.0,250.8,basic,2.0,True,,,2.0,36.0,no,2090.05,1
10035,20.0,1068.06,premium,0.0,True,monthly,East,2.0,18.0,yes,21048.65,0
10036,72.0,1186.01,premium,1.0,False,annual,East,1.0,38.0,,86672.37,0
10037,38.0,798.06,standard,2.0,False,monthly,East,4.0,34.0,no,30288.04,1
10038,17.0,642.24,standard,0.0,True,monthly,North,1.0,12.0,yes,11842.57,0
10039,3.0,436.76,basic,1.0,True,monthly,West,1.0,13.0,no,1005.8,1
10040,59.0,1104.95,premium,1.0,True,monthly,West,1.0,47.0,no,67935.76,1
10041,13.0,,basic,1.0,True,,East,2.0,30.0,no,5516.59,1
10042,8.0,771.49,premium,2.0,True,biennial,East,2.0,44.0,yes,7807.22,0
10043,,554.93,standard,1.0,True,monthly,South,1.0,1.0,no,28162.42,0
10044,1.0,381.64,standard,1.0,True,monthly,South,4.0,45.0,yes,0.0,1
10045,59.0,699.29,standard,3.0,,monthly,South,3.0,51.0,no,41005.97,1
10046,70.0,334.45,basic,2.0,True,monthly,North,2.0,38.0,no,25884.5,1
10047,43.0,279.1,basic,1.0,True,annual,West,1.0,36.0,no,11788.56,0
10048,7.0,371.49,,0.0,True,biennial,North,1.0,13.0,no,1777.0,0
10049,46.0,358.28,basic,0.0,False,biennial,North,2.0,8.0,yes,17781.79,0
10050,34.0,588.34,standard,0.0,False,annual,West,0.0,9.0,no,20062.36,0
10051,35.0,348.52,basic,1.0,True,annual,South,2.0,6.0,yes,11980.08,0
10052,49.0,436.09,basic,0.0,False,monthly,West,0.0,27.0,no,20758.13,1
10053,3.0,1130.06,premium,0.0,True,monthly,East,1.0,45.0,no,3879.01,1
10054,1.0,1486.39,premium,3.0,False,monthly,South,3.0,24.0,no,2549.05,1
10055,5.0,1357.33,premium,1.0,False,annual,West,3.0,45.0,no,7574.74,1
10056,53.0,978.0,premium,,True,annual,North,0.0,56.0,no,51354.67,0
10057,,416.51,basic,0.0,False,monthly,West,1.0,27.0,yes,261.83,1
10058,53.0,335.48,basic,0.0,,monthly,South,1.0,1.0,no,13761.32,0
10059,62.0,682.0,standard,2.0,True,monthly,East,2.0,16.0,yes,41338.53,0
10060,17.0,541.16,standard,2.0,True,biennial,North,4.0,58.0,no,8827.59,0
10061,43.0,423.7,basic,0.0,False,monthly,East,0.0,51.0,yes,18160.06,0
10062,33.0,1402.02,premium,2.0,True,annual,East,2.0,3.0,,45995.85,0
10063,61.0,361.59,basic,1.0,True,annual,North,1.0,12.0,yes,24857.87,0
10064,13.0,300.82,basic,2.0,False,monthly,West,4.0,,no,4402.03,0
10065,47.0,387.76,standard,0.0,True,annual,West,3.0,2.0,no,16987.08,1
10066,14.0,787.26,standard,1.0,True,biennial,East,,50.0,no,11677.21,0
10067,71.0,698.4,,2.0,True,monthly,West,3.0,36.0,yes,49977.88,0
10068,61.0,173.27,basic,2.0,True,biennial,South,5.0,32.0,no,9519.56,0
10069,39.0,756.59,premium,,True,monthly,East,4.0,40.0,yes,29795.82,1
10070,52.0,325.45,basic,2.0,True,monthly,East,3.0,23.0,no,17453.55,0
10071,23.0,471.71,basic,0.0,,biennial,East,2.0,7.0,no,11873.83,1
10072,25.0,1218.28,premium,1.0,False,annual,South,3.0,34.0,no,28681.33,0
10073,59.0,1114.38,premium,2.0,True,biennial,East,3.0,1.0,yes,66396.5,0
10074,40.0,1194.29,premium,0.0,True,annual,West,2.0,32.0,no,49181.5,0
10075,28.0,1311.4,premium,1.0,True,biennial,West,1.0,11.0,no,38606.89,0
10076,14.0,804.39,standard,2.0,False,annual,West,3.0,21.0,yes,10035.39,0
10077,44.0,630.14,standard,2.0,True,annual,West,2.0,12.0,no,27580.21,0
10078,64.0,211.28,basic,2.0,True,annual,East,3.0,9.0,no,13472.85,0
10079,70.0,366.54,basic,0.0,False,monthly,South,0.0,16.0,yes,26333.32,1
10080,8.0,410.72,basic,2.0,True,biennial,North,3.0,42.0,no,3121.13,1
10081,0.0,380.52,basic,,True,monthly,West,,4.0,no,0.0,1
10082,7.0,614.93,standard,1.0,False,monthly,North,1.0,56.0,yes,4521.69,1
10083,62.0,668.37,standard,,False,monthly,North,3.0,58.0,no,41101.44,0
10084,10.0,290.42,basic,2.0,True,annual,East,2.0,8.0,no,,0
10085,7.0,214.23,basic,1.0,False,monthly,West,1.0,,yes,690.04,1
10086,34.0,460.84,standard,0.0,True,monthly,West,0.0,,no,14646.25,1
10087,34.0,564.25,basic,4.0,False,biennial,West,6.0,51.0,no,20499.94,1
10088,32.0,980.72,premium,1.0,True,,,1.0,22.0,no,33655.57,0
10089,4.0,814.45,standard,0.0,False,annual,West,0.0,29.0,no,5080.07,0
10090,,821.53,standard,0.0,False,monthly,West,2.0,42.0,no,32789.27,0
10091,27.0,825.73,standard,1.0,False,monthly,South,3.0,54.0,no,23349.84,1
10092,6.0,919.99,premium,0.0,False,monthly,East,0.0,3.0,yes,4833.66,0
10093,72.0,387.68,basic,0.0,True,annual,West,2.0,20.0,no,28421.14,0
10094,71.0,692.11,standard,4.0,True,monthly,West,7.0,42.0,no,48556.01,1
10095,11.0,845.17,standard,,True,biennial,East,2.0,8.0,yes,10553.37,0
10096,33.0,290.36,,0.0,False,monthly,East,2.0,6.0,no,10705.34,1
10097,32.0,898.68,premium,2.0,False,monthly,North,4.0,,yes,30833.71,0
10098,47.0,682.88,standard,1.0,True,monthly,North,2.0,22.0,no,31866.05,0
10099,22.0,668.23,standard,0.0,False,monthly,North,2.0,57.0,no,16280.09,1
10100,61.0,675.26,premium,0.0,False,annual,East,0.0,22.0,no,41697.33,0
10101,36.0,1157.93,premium,0.0,False,biennial,South,1.0,30.0,yes,41760.87,0
10102,43.0,789.75,standard,0.0,False,annual,West,0.0,56.0,no,34296.24,0
10103,34.0,1255.81,premium,1.0,True,monthly,East,2.0,4.0,yes,44395.55,1
10104,64.0,624.39,standard,0.0,True,monthly,South,0.0,5.0,no,39829.02,0
10105,46.0,728.56,standard,2.0,True,monthly,East,6.0,50.0,no,33432.7,0
10106,2.0,593.21,standard,0.0,True,biennial,South,0.0,0.0,no,0.0,0
10107,0.0,932.02,standard,1.0,True,monthly,East,1.0,58.0,no,784.97,0
10108,4.0,412.37,basic,4.0,False,annual,East,8.0,47.0,no,1913.84,1
10109,13.0,1129.02,premium,1.0,,monthly,South,2.0,27.0,yes,13915.01,0
10110,26.0,968.44,premium,2.0,False,monthly,South,,17.0,yes,24171.58,1
10111,8.0,329.74,basic,1.0,True,monthly,South,1.0,23.0,no,786.68,0
10112,14.0,1236.65,premium,2.0,,monthly,South,3.0,12.0,no,16728.45,0
10113,41.0,,basic,1.0,True,annual,,2.0,32.0,yes,12608.03,0
10114,,315.59,basic,1.0,True,monthly,South,,9.0,no,,1
10115,62.0,806.96,standard,2.0,,annual,South,3.0,6.0,no,50820.54,1
10116,51.0,337.09,basic,1.0,True,monthly,South,2.0,36.0,,,1
10117,3.0,986.7,premium,2.0,,biennial,East,3.0,31.0,no,5412.96,0
10118,22.0,875.96,premium,0.0,True,monthly,South,3.0,,no,20309.48,1
10119,14.0,658.81,standard,0.0,False,biennial,South,0.0,21.0,yes,10177.92,0
10120,42.0,292.9,basic,2.0,True,annual,East,2.0,15.0,yes,12669.5,0
10121,28.0,438.82,basic,2.0,True,biennial,East,,23.0,no,12287.82,0
10122,35.0,780.53,standard,,True,monthly,North,2.0,51.0,no,28170.75,1
10123,12.0,950.94,premium,1.0,False,annual,North,1.0,53.0,no,12659.98,0
10124,31.0,511.78,standard,4.0,True,monthly,South,4.0,13.0,no,16035.68,0
10125,70.0,501.31,basic,1.0,True,monthly,South,5.0,10.0,no,36383.59,0
10126,58.0,526.57,standard,1.0,False,monthly,North,1.0,18.0,no,33424.27,0
10127,27.0,,standard,1.0,True,monthly,North,1.0,22.0,no,10336.8,0
10128,65.0,801.36,standard,0.0,False,biennial,West,0.0,33.0,no,52187.4,0
10129,41.0,350.44,basic,1.0,True,monthly,West,4.0,59.0,no,14275.92,1
10130,44.0,609.38,standard,1.0,True,,South,1.0,39.0,no,26946.46,0
10131,61.0,829.53,standard,1.0,True,annual,West,1.0,12.0,yes,51824.44,0
10132,56.0,921.43,premium,2.0,True,monthly,North,4.0,38.0,yes,51687.13,1
10133,5.0,262.15,basic,1.0,True,annual,,3.0,43.0,no,1499.93,1
10134,27.0,623.03,standard,2.0,True,monthly,,3.0,27.0,no,16572.16,0
10135,27.0,1120.34,premium,1.0,True,annual,East,,,no,30738.24,1
10136,43.0,321.6,basic,2.0,True,monthly,North,3.0,15.0,no,13325.6,0
10137,29.0,1378.93,premium,0.0,True,biennial,West,0.0,49.0,yes,38762.82,0
10138,61.0,589.13,standard,0.0,False,annual,East,2.0,50.0,yes,36384.6,0
10139,61.0,369.17,basic,2.0,False,biennial,West,,27.0,no,24498.75,0
10140,0.0,422.31,basic,1.0,True,,East,1.0,3.0,no,132.37,1
10141,26.0,660.02,standard,1.0,True,monthly,,2.0,27.0,no,16119.31,0
10142,61.0,231.1,basic,0.0,False,monthly,East,0.0,56.0,yes,16012.74,0
10143,2.0,606.95,standard,1.0,True,monthly,East,,59.0,no,1259.46,1
10144,69.0,186.88,basic,0.0,,monthly,South,2.0,11.0,no,13839.28,1
10145,71.0,628.11,standard,2.0,True,annual,South,4.0,15.0,no,43866.84,0
10146,26.0,255.58,basic,0.0,True,monthly,North,1.0,52.0,no,6654.85,0
10147,8.0,1006.86,premium,,False,monthly,East,2.0,53.0,yes,9455.43,0
10148,61.0,742.39,premium,0.0,False,biennial,West,0.0,48.0,no,45416.56,0
10149,36.0,1286.39,premium,2.0,True,annual,East,2.0,35.0,no,46453.24,0
10150,50.0,589.54,standard,2.0,True,monthly,West,2.0,19.0,no,27988.41,0
10151,43.0,264.93,basic,3.0,False,monthly,West,4.0,25.0,no,12179.02,1
10152,23.0,,standard,3.0,True,monthly,East,3.0,55.0,yes,13958.96,0
10153,58.0,249.08,basic,2.0,False,monthly,West,3.0,55.0,no,15566.34,0
10154,31.0,280.8,basic,1.0,False,annual,North,3.0,25.0,no,8907.18,0
10155,51.0,354.89,basic,0.0,True,monthly,South,2.0,21.0,yes,18390.61,0
10156,61.0,762.13,standard,2.0,False,biennial,West,2.0,,yes,47262.47,0
10157,57.0,620.99,standard,2.0,True,annual,East,4.0,8.0,no,35771.7,0
10158,51.0,743.61,standard,3.0,False,annual,South,3.0,4.0,yes,39642.56,0
10159,11.0,336.25,basic,1.0,True,monthly,North,2.0,16.0,no,5258.79,0
10160,38.0,261.35,basic,1.0,True,monthly,West,3.0,48.0,no,8714.06,0
10161,1.0,1164.85,premium,1.0,False,annual,West,3.0,33.0,no,994.14,0
10162,2.0,536.73,basic,3.0,False,monthly,South,3.0,1.0,no,1909.99,1
10163,55.0,579.1,standard,1.0,True,monthly,West,3.0,52.0,yes,30907.9,1
10164,58.0,421.96,basic,1.0,True,monthly,East,2.0,54.0,yes,22905.62,0
10165,1.0,726.28,standard,2.0,True,monthly,South,4.0,6.0,no,0.0,0
10166,,584.15,standard,2.0,True,annual,South,3.0,35.0,no,468.98,0
10167,53.0,314.17,basic,1.0,True,,West,2.0,12.0,no,12586.41,1
10168,0.0,247.93,basic,1.0,True,monthly,North,1.0,19.0,no,0.0,0
10169,18.0,731.28,standard,3.0,True,monthly,North,3.0,29.0,yes,11384.5,0
10170,1.0,557.0,standard,2.0,True,annual,North,2.0,29.0,yes,1703.67,0
10171,52.0,228.04,basic,0.0,True,biennial,North,1.0,10.0,no,12789.56,0
10172,43.0,1163.58,premium,2.0,True,,South,2.0,30.0,no,50312.5,0
10173,31.0,371.27,basic,1.0,True,monthly,South,1.0,57.0,yes,11609.38,0
10174,69.0,491.53,basic,3.0,False,monthly,West,3.0,2.0,yes,34460.38,1
10175,31.0,1017.97,premium,1.0,True,monthly,North,3.0,58.0,yes,30558.73,1
10176,67.0,372.41,basic,2.0,False,annual,North,3.0,1.0,yes,26204.36,0
10177,54.0,680.26,standard,0.0,False,annual,West,5.0,47.0,no,36827.06,1
10178,55.0,419.85,basic,2.0,False,,West,3.0,2.0,no,24009.35,0
10179,16.0,340.03,basic,2.0,,monthly,West,2.0,55.0,no,6316.9,1
10180,37.0,1296.44,premium,1.0,False,annual,East,1.0,14.0,no,48502.39,0
10181,,,basic,0.0,True,monthly,West,1.0,16.0,no,8338.08,0
10182,68.0,601.53,premium,2.0,True,annual,West,2.0,47.0,no,41142.48,0
10183,69.0,370.42,basic,3.0,False,monthly,East,4.0,51.0,yes,25496.0,1
10184,10.0,433.67,basic,,True,annual,North,3.0,6.0,no,4819.66,0
10185,15.0,234.16,basic,1.0,False,monthly,South,2.0,47.0,yes,,1
10186,72.0,546.19,standard,1.0,True,monthly,North,1.0,4.0,yes,38838.66,0
10187,58.0,401.18,basic,0.0,False,annual,South,1.0,33.0,yes,23878.15,0
10188,69.0,738.33,premium,1.0,True,monthly,South,1.0,32.0,no,51225.27,0
10189,2.0,713.02,standard,2.0,True,annual,West,3.0,53.0,yes,2635.83,0
10190,19.0,945.66,premium,0.0,True,annual,West,1.0,60.0,yes,16157.12,0
10191,58.0,567.28,basic,1.0,False,annual,East,1.0,44.0,no,32938.46,1
10192,35.0,1187.7,premium,,False,monthly,North,2.0,15.0,no,40844.6,1
10193,18.0,612.5,standard,3.0,True,monthly,North,3.0,,no,10507.38,1
10194,66.0,723.2,standard,0.0,False,annual,South,2.0,2.0,no,48290.95,0
10195,18.0,906.1,premium,1.0,True,monthly,West,2.0,58.0,yes,14873.74,0
10196,19.0,478.62,standard,2.0,True,annual,West,2.0,58.0,yes,9226.92,0
10197,70.0,741.36,standard,2.0,True,monthly,North,2.0,46.0,no,,0
10198,51.0,333.64,basic,1.0,True,monthly,East,2.0,47.0,no,,0
10199,32.0,339.18,basic,1.0,True,monthly,,3.0,42.0,no,11011.83,1
10200,39.0,1321.61,premium,1.0,True,monthly,East,3.0,56.0,,50781.24,1
10201,38.0,604.94,standard,2.0,False,monthly,North,2.0,50.0,no,25185.2,1
10202,0.0,791.88,standard,2.0,False,annual,North,4.0,49.0,no,1993.85,0
10203,10.0,707.81,standard,1.0,True,annual,East,2.0,20.0,no,7145.36,0
10204,56.0,330.69,basic,0.0,True,,West,1.0,40.0,yes,18086.89,0
10205,49.0,426.16,basic,2.0,True,biennial,North,4.0,7.0,no,21385.89,0
10206,22.0,513.0,standard,3.0,True,monthly,South,5.0,21.0,yes,12053.48,0
10207,30.0,317.2,basic,1.0,,biennial,North,1.0,50.0,yes,9770.53,1
10208,41.0,290.23,basic,1.0,True,annual,West,3.0,53.0,yes,10884.28,0
10209,6.0,722.63,standard,0.0,False,annual,,2.0,4.0,no,4126.19,1
10210,15.0,307.48,basic,2.0,False,,North,2.0,16.0,yes,4690.21,1
10211,59.0,,standard,0.0,True,monthly,West,0.0,36.0,yes,46093.75,0
10212,,295.28,basic,1.0,True,monthly,,3.0,13.0,no,608.64,0
10213,0.0,616.37,standard,1.0,True,annual,North,4.0,38.0,no,1347.2,1
10214,47.0,418.53,basic,0.0,False,monthly,,1.0,40.0,,21012.63,1
10215,11.0,492.3,standard,1.0,True,annual,East,1.0,27.0,no,6427.86,0
10216,68.0,407.25,basic,1.0,True,monthly,South,2.0,30.0,yes,28283.32,0
10217,36.0,383.71,basic,2.0,False,annual,East,4.0,16.0,yes,12555.86,1
10218,31.0,302.49,basic,2.0,True,monthly,North,2.0,34.0,yes,10563.53,0
10219,8.0,787.35,standard,0.0,True,monthly,East,1.0,39.0,no,7117.61,1
10220,18.0,675.17,standard,2.0,True,monthly,North,2.0,21.0,no,11897.27,0
10221,47.0,396.76,basic,0.0,True,monthly,North,1.0,44.0,yes,18677.46,0
10222,,715.14,standard,0.0,True,monthly,West,0.0,47.0,yes,1495.86,1
10223,19.0,1316.34,premium,1.0,True,annual,West,1.0,52.0,no,24572.64,0
10224,23.0,685.45,standard,1.0,True,monthly,North,1.0,28.0,no,14017.32,1
10225,53.0,284.38,basic,0.0,True,monthly,South,2.0,9.0,no,13955.6,0
10226,32.0,563.09,standard,3.0,False,annual,South,4.0,17.0,yes,17112.37,0
10227,23.0,218.78,basic,0.0,True,monthly,South,,34.0,yes,3064.11,0
10228,71.0,219.4,basic,1.0,True,biennial,East,3.0,43.0,no,14464.13,0
10229,35.0,1255.33,premium,1.0,False,biennial,,2.0,15.0,no,45077.75,0
10230,37.0,306.12,basic,1.0,False,,West,2.0,49.0,no,11812.36,1
10231,24.0,758.19,standard,1.0,False,monthly,East,1.0,48.0,no,17225.58,0
10232,17.0,852.61,standard,1.0,True,monthly,East,1.0,6.0,no,13806.15,1
10233,,844.79,standard,1.0,True,annual,West,2.0,29.0,no,56140.53,0
10234,53.0,760.08,standard,2.0,False,annual,North,2.0,18.0,yes,41488.71,1
10235,34.0,312.94,basic,1.0,False,annual,East,3.0,54.0,no,10709.85,0
10236,60.0,332.44,basic,2.0,True,annual,North,2.0,,no,21121.2,0
10237,40.0,760.16,standard,1.0,False,monthly,North,1.0,22.0,yes,29640.5,0
10238,32.0,350.25,basic,1.0,True,annual,North,3.0,7.0,no,11435.36,0
10239,67.0,335.66,basic,1.0,False,annual,West,1.0,16.0,no,21014.87,0
10240,32.0,356.6,basic,1.0,False,annual,North,2.0,20.0,no,11046.88,0
10241,13.0,337.09,basic,1.0,False,biennial,East,3.0,25.0,no,4410.25,1
10242,20.0,293.23,basic,1.0,False,annual,West,2.0,56.0,no,4179.54,0
10243,47.0,270.16,basic,0.0,False,monthly,West,1.0,27.0,no,13290.64,0
10244,19.0,735.19,standard,0.0,True,monthly,East,1.0,58.0,no,14728.81,1
10245,7.0,778.75,standard,1.0,True,monthly,West,1.0,38.0,no,6462.37,1
10246,6.0,1121.76,premium,1.0,True,monthly,East,3.0,32.0,no,9064.81,0
10247,66.0,337.61,basic,,True,biennial,South,3.0,39.0,yes,22698.97,1
10248,16.0,406.06,basic,0.0,False,monthly,East,0.0,18.0,no,6432.88,1
10249,32.0,327.73,basic,0.0,True,annual,West,2.0,28.0,no,8885.28,0
10250,47.0,714.02,standard,0.0,True,monthly,East,2.0,19.0,no,33950.89,0
10251,58.0,611.99,standard,3.0,True,monthly,South,3.0,19.0,yes,36054.85,1
10252,21.0,339.4,basic,2.0,False,biennial,North,4.0,9.0,no,5771.39,0
10253,29.0,1299.16,premium,0.0,True,biennial,North,1.0,11.0,,37435.55,0
10254,37.0,351.85,basic,1.0,True,monthly,North,1.0,55.0,no,13029.58,1
10255,,659.11,standard,,True,monthly,West,4.0,32.0,no,33485.03,1
10256,53.0,617.28,standard,0.0,False,monthly,South,1.0,55.0,no,33572.08,1
10257,7.0,1162.17,premium,1.0,True,,East,1.0,24.0,yes,7598.63,0
10258,26.0,385.23,standard,0.0,False,monthly,East,2.0,24.0,no,10217.34,1
10259,26.0,1057.5,premium,3.0,True,monthly,East,4.0,52.0,yes,28068.74,0
10260,20.0,430.3,basic,2.0,True,biennial,East,2.0,3.0,no,8424.22,0
10261,29.0,,premium,2.0,False,annual,West,2.0,3.0,no,34939.69,1
10262,27.0,246.77,basic,1.0,True,biennial,West,1.0,8.0,no,7375.37,0
10263,63.0,1140.09,premium,,True,annual,South,4.0,14.0,no,71647.95,0
10264,68.0,884.14,standard,3.0,True,monthly,East,3.0,55.0,no,58924.43,1
10265,60.0,845.26,,1.0,True,biennial,North,2.0,25.0,yes,52088.64,0
10266,,650.06,standard,0.0,True,monthly,West,0.0,14.0,yes,29466.53,0
10267,18.0,673.56,standard,1.0,True,biennial,South,4.0,25.0,no,12029.57,0
10268,3.0,554.26,standard,1.0,,monthly,South,2.0,27.0,,1984.54,0
10269,34.0,725.41,,1.0,True,monthly,West,1.0,6.0,no,25119.15,0
10270,63.0,459.58,basic,3.0,False,biennial,North,6.0,,yes,29123.16,0
10271,48.0,257.55,basic,0.0,False,,North,3.0,11.0,yes,9420.27,0
10272,16.0,355.22,basic,1.0,True,biennial,East,3.0,34.0,yes,4981.01,0
10273,43.0,,basic,1.0,True,biennial,West,3.0,51.0,yes,12804.99,0
10274,29.0,1298.59,premium,0.0,True,monthly,North,1.0,31.0,no,37550.02,1
10275,45.0,203.33,basic,2.0,True,,West,,8.0,yes,9661.52,0
10276,5.0,758.27,premium,0.0,True,monthly,South,2.0,13.0,no,4812.84,0
10277,36.0,376.82,basic,0.0,True,annual,South,0.0,12.0,yes,14072.21,0
10278,,274.2,basic,2.0,True,annual,,3.0,55.0,no,5577.58,0
10279,45.0,791.87,standard,0.0,True,monthly,West,2.0,59.0,no,35095.65,1
10280,52.0,,standard,2.0,True,annual,East,4.0,43.0,yes,42674.0,0
10281,59.0,636.12,,1.0,False,annual,East,3.0,32.0,no,37351.97,0
10282,62.0,680.31,standard,2.0,True,monthly,North,,31.0,yes,42083.81,0
10283,31.0,728.32,standard,1.0,False,annual,West,1.0,18.0,yes,23087.8,0
10284,32.0,,basic,1.0,False,annual,East,1.0,29.0,no,15318.82,0
10285,66.0,1176.62,premium,2.0,True,biennial,West,2.0,15.0,no,76755.66,0
10286,17.0,939.05,premium,1.0,True,monthly,East,2.0,11.0,no,15467.73,1
10287,24.0,789.8,standard,0.0,True,monthly,South,1.0,9.0,no,,1
10288,53.0,,basic,1.0,True,monthly,South,1.0,1.0,no,16183.45,0
10289,57.0,413.6,standard,1.0,True,monthly,North,2.0,17.0,,24142.79,1
10290,66.0,296.9,basic,1.0,False,biennial,South,,12.0,no,19231.16,0
10291,45.0,337.23,basic,1.0,True,monthly,East,3.0,28.0,yes,16935.16,1
10292,23.0,425.6,basic,1.0,True,annual,North,1.0,23.0,no,9905.0,1
10293,31.0,834.22,standard,1.0,False,monthly,North,,37.0,no,25758.55,1
10294,46.0,1189.98,premium,1.0,False,monthly,South,3.0,,yes,54386.94,0
10295,22.0,604.69,standard,0.0,True,monthly,West,1.0,59.0,no,11943.32,1
10296,65.0,683.21,standard,0.0,False,annual,South,0.0,59.0,no,44318.32,1
10297,26.0,475.5,basic,1.0,True,annual,South,2.0,28.0,no,12721.39,1
10298,1.0,243.75,basic,0.0,True,monthly,North,0.0,21.0,yes,125.68,0
10299,16.0,391.78,basic,0.0,True,biennial,South,0.0,35.0,no,6499.59,0
10300,32.0,1007.73,premium,0.0,True,monthly,East,1.0,0.0,no,31576.68,0
10301,8.0,365.32,basic,1.0,False,monthly,North,2.0,42.0,yes,1677.84,1
10302,42.0,936.41,premium,0.0,True,monthly,South,3.0,54.0,no,39223.01,1
10303,47.0,661.9,standard,1.0,True,monthly,West,3.0,39.0,yes,31329.91,0
10304,38.0,434.68,basic,2.0,True,biennial,East,2.0,33.0,yes,16349.15,0
10305,41.0,820.19,standard,1.0,True,monthly,,1.0,33.0,no,33831.31,0
10306,25.0,459.34,standard,1.0,True,monthly,East,2.0,47.0,no,12260.14,0
10307,49.0,1007.83,premium,0.0,True,monthly,West,1.0,32.0,no,,0
10308,24.0,1025.31,premium,4.0,False,annual,South,5.0,3.0,no,25464.81,1
10309,23.0,382.63,basic,0.0,True,monthly,East,2.0,37.0,yes,9805.82,0
10310,12.0,340.0,basic,0.0,True,annual,North,1.0,29.0,yes,4577.08,1
10311,59.0,646.22,standard,1.0,True,monthly,North,3.0,52.0,no,38483.31,0
10312,6.0,1235.1,premium,2.0,True,,,2.0,51.0,yes,9353.56,1
10313,56.0,234.68,basic,2.0,True,annual,West,3.0,45.0,no,13925.7,1
10314,35.0,660.94,standard,1.0,False,monthly,West,3.0,19.0,no,22287.73,1
10315,44.0,582.57,standard,,False,biennial,East,1.0,25.0,,23770.03,0
10316,,771.76,standard,2.0,True,monthly,North,3.0,14.0,yes,14422.29,0
10317,64.0,448.81,basic,2.0,True,,South,3.0,6.0,no,29348.58,1
10318,7.0,454.09,standard,2.0,False,monthly,East,2.0,6.0,no,4137.58,1
10319,15.0,1145.83,premium,0.0,True,,West,3.0,49.0,no,15936.98,1
10320,13.0,388.6,basic,1.0,True,monthly,North,1.0,28.0,no,5781.22,1
10321,14.0,320.35,basic,1.0,True,monthly,West,2.0,22.0,no,5619.59,0
10322,65.0,891.28,premium,2.0,False,monthly,South,3.0,33.0,yes,58541.94,0
10323,31.0,328.16,basic,1.0,True,monthly,South,4.0,19.0,yes,10588.69,0
10324,62.0,708.86,premium,1.0,False,monthly,North,3.0,14.0,no,43816.51,0
10325,50.0,857.85,standard,2.0,False,monthly,East,5.0,32.0,yes,42432.5,0
10326,24.0,478.18,,0.0,True,annual,South,0.0,52.0,yes,12261.87,1
10327,57.0,1199.43,premium,1.0,False,annual,South,1.0,16.0,no,68950.86,0
10328,62.0,316.56,basic,3.0,False,annual,South,3.0,19.0,no,19299.58,0
10329,61.0,649.99,standard,0.0,True,annual,South,0.0,60.0,yes,42191.5,0
10330,21.0,414.8,basic,2.0,True,monthly,West,2.0,56.0,no,7201.0,1
10331,57.0,739.4,standard,1.0,True,monthly,West,1.0,12.0,no,41913.67,0
10332,57.0,,basic,3.0,True,monthly,East,3.0,43.0,yes,12937.1,0
10333,48.0,473.84,basic,0.0,True,annual,North,1.0,23.0,no,23128.5,0
10334,51.0,1176.06,premium,2.0,True,monthly,North,2.0,53.0,yes,58030.1,0
10335,41.0,365.38,basic,0.0,True,monthly,North,1.0,46.0,no,16249.85,0
10336,69.0,691.97,standard,1.0,False,annual,South,2.0,,yes,48751.38,0
10337,14.0,279.72,basic,1.0,True,monthly,West,2.0,36.0,no,4183.43,1
10338,53.0,621.18,standard,2.0,True,biennial,,5.0,6.0,yes,32612.22,0
10339,59.0,210.49,basic,2.0,True,biennial,East,3.0,7.0,no,13135.22,0
10340,7.0,1029.16,premium,1.0,True,monthly,North,3.0,22.0,no,7532.83,0
10341,52.0,547.6,standard,0.0,True,monthly,West,3.0,13.0,no,29427.22,0
10342,59.0,259.29,basic,0.0,True,monthly,East,0.0,3.0,no,15175.66,1
10343,4.0,332.56,basic,0.0,True,annual,,1.0,20.0,yes,1148.77,0
10344,67.0,150.0,basic,2.0,False,monthly,South,2.0,60.0,,11127.74,0
10345,5.0,728.88,standard,1.0,False,annual,West,2.0,45.0,yes,4278.06,1
10346,46.0,157.21,basic,1.0,True,annual,West,2.0,9.0,no,7057.65,1
10347,54.0,1306.78,premium,0.0,False,monthly,North,0.0,21.0,yes,70933.96,0
10348,39.0,351.2,basic,0.0,False,monthly,South,1.0,29.0,,13881.61,1
10349,51.0,393.04,basic,2.0,True,annual,South,3.0,29.0,no,20512.24,0
10350,15.0,520.47,standard,0.0,False,monthly,West,2.0,59.0,no,9076.5,0
10351,12.0,750.36,standard,1.0,False,annual,North,2.0,15.0,yes,8654.45,0
10352,29.0,367.31,basic,3.0,True,monthly,East,3.0,10.0,no,10007.44,0
10353,18.0,434.29,basic,2.0,True,annual,West,4.0,21.0,no,8091.01,0
10354,16.0,292.12,basic,1.0,True,biennial,South,5.0,28.0,no,4137.37,0
10355,62.0,553.74,standard,1.0,True,biennial,East,1.0,24.0,no,33420.96,1
10356,18.0,813.94,standard,3.0,False,monthly,North,4.0,57.0,no,15644.47,0
10357,57.0,587.7,standard,3.0,True,monthly,South,3.0,13.0,no,33211.69,1
10358,54.0,1127.64,premium,0.0,False,annual,East,0.0,13.0,yes,59024.5,1
10359,61.0,1125.42,premium,1.0,False,,West,1.0,1.0,no,69498.04,0
10360,22.0,539.57,standard,1.0,True,monthly,South,3.0,53.0,yes,11432.39,0
10361,8.0,1404.71,premium,0.0,False,biennial,North,0.0,12.0,no,11815.51,0
10362,11.0,370.45,basic,1.0,True,monthly,South,1.0,2.0,no,5158.39,1
10363,0.0,429.09,basic,0.0,True,,West,0.0,29.0,no,618.74,1
10364,57.0,241.88,basic,3.0,False,monthly,North,3.0,17.0,no,11751.68,1
10365,0.0,403.62,basic,1.0,True,annual,West,3.0,53.0,no,0.0,0
10366,33.0,771.25,,0.0,True,annual,East,0.0,35.0,no,24778.84,0
10367,47.0,1126.44,premium,0.0,False,monthly,South,0.0,20.0,no,52885.82,0
10368,0.0,275.1,basic,,False,monthly,West,3.0,52.0,no,,1
10369,15.0,318.33,basic,2.0,True,monthly,East,2.0,18.0,yes,5066.28,0
10370,60.0,580.51,standard,0.0,False,annual,North,0.0,15.0,yes,37447.87,0
10371,63.0,1074.51,premium,3.0,False,monthly,North,5.0,27.0,yes,66202.7,1
10372,62.0,286.24,basic,1.0,True,biennial,East,2.0,3.0,no,17868.17,0
10373,68.0,676.16,standard,0.0,True,monthly,East,1.0,50.0,no,45533.41,0
10374,21.0,341.4,basic,1.0,False,biennial,North,1.0,54.0,yes,7404.04,1
10375,66.0,294.4,basic,1.0,True,monthly,West,2.0,14.0,no,21182.07,1
10376,25.0,1274.58,premium,2.0,True,annual,East,3.0,,no,33679.41,0
10377,15.0,1389.97,premium,1.0,True,monthly,West,2.0,47.0,no,20904.01,0
10378,50.0,354.13,basic,1.0,False,monthly,North,3.0,46.0,no,18568.01,0
10379,56.0,1155.66,premium,0.0,True,biennial,West,1.0,15.0,yes,64932.51,0
10380,28.0,652.63,standard,1.0,True,biennial,West,1.0,53.0,yes,17198.35,0
10381,68.0,,premium,2.0,True,,East,3.0,19.0,yes,84324.12,0
10382,46.0,567.68,standard,1.0,False,annual,West,1.0,32.0,yes,25608.17,0
10383,61.0,538.67,standard,3.0,True,annual,West,3.0,16.0,yes,32796.1,0
10384,68.0,621.27,standard,1.0,True,biennial,West,3.0,4.0,no,41394.27,0
10385,15.0,624.4,standard,2.0,False,monthly,North,3.0,,yes,9521.15,0
10386,47.0,463.04,basic,3.0,True,monthly,North,,57.0,yes,22068.53,0
10387,38.0,376.06,basic,1.0,False,monthly,South,4.0,38.0,yes,14994.53,1
10388,32.0,320.43,basic,2.0,False,monthly,North,3.0,12.0,no,10563.62,0
10389,22.0,889.14,standard,0.0,False,biennial,North,1.0,43.0,no,21195.69,0
10390,,476.25,basic,1.0,True,monthly,South,2.0,35.0,no,,0
10391,68.0,670.7,standard,0.0,False,monthly,South,0.0,29.0,yes,45203.07,0
10392,33.0,1271.74,premium,0.0,False,annual,East,3.0,56.0,no,42937.49,0
10393,51.0,,basic,1.0,False,annual,East,2.0,3.0,yes,22569.68,0
10394,9.0,584.93,standard,1.0,True,monthly,North,1.0,22.0,yes,6260.49,0
10395,18.0,328.96,basic,0.0,False,monthly,West,0.0,20.0,no,6638.6,0
10396,57.0,930.13,premium,2.0,True,biennial,East,2.0,20.0,no,51195.55,0
10397,0.0,376.41,basic,1.0,True,monthly,East,1.0,5.0,no,0.0,0
10398,68.0,606.61,standard,0.0,True,annual,North,0.0,23.0,no,40837.38,0
10399,3.0,1010.24,premium,0.0,False,annual,West,0.0,46.0,no,4417.91,1
10400,15.0,1333.07,premium,0.0,True,monthly,South,0.0,52.0,yes,19265.44,0
10401,23.0,549.15,standard,4.0,True,biennial,South,5.0,30.0,no,12545.08,0
10402,1.0,731.17,standard,2.0,False,annual,North,3.0,18.0,yes,1571.45,0
10403,31.0,659.69,standard,2.0,,monthly,North,3.0,37.0,no,19674.69,0
10404,23.0,1120.85,premium,1.0,True,annual,West,1.0,11.0,yes,26058.64,0
10405,11.0,769.5,standard,3.0,True,annual,North,3.0,13.0,no,8613.27,0
10406,49.0,367.97,basic,3.0,True,annual,North,4.0,49.0,no,18907.64,0
10407,34.0,1032.26,premium,1.0,False,biennial,North,3.0,59.0,,35755.69,0
10408,32.0,760.36,,2.0,False,monthly,West,3.0,11.0,yes,24958.81,0
10409,32.0,672.18,standard,0.0,True,monthly,North,1.0,55.0,yes,21710.55,1
10410,60.0,198.44,basic,3.0,False,monthly,East,5.0,55.0,yes,10230.44,1
10411,50.0,664.87,standard,0.0,True,monthly,West,0.0,14.0,no,33383.16,0
10412,42.0,343.36,basic,2.0,True,monthly,East,3.0,18.0,no,14476.42,0
10413,11.0,625.48,standard,1.0,True,biennial,West,1.0,27.0,no,7646.82,0
10414,66.0,251.43,basic,0.0,True,annual,East,0.0,39.0,yes,,0
10415,64.0,557.51,standard,1.0,True,annual,West,1.0,40.0,no,35722.44,1
10416,32.0,1209.46,premium,3.0,True,annual,South,5.0,4.0,yes,38776.08,0
10417,39.0,353.84,basic,1.0,True,annual,North,5.0,4.0,yes,13087.21,0
10418,42.0,824.24,premium,,True,monthly,North,0.0,5.0,no,33464.8,1
10419,43.0,316.1,basic,3.0,True,biennial,West,4.0,22.0,no,13974.84,0
10420,28.0,977.84,premium,0.0,True,monthly,East,3.0,2.0,yes,28387.28,0
10421,12.0,794.3,standard,0.0,False,biennial,South,0.0,36.0,yes,8906.69,0
10422,11.0,688.06,,2.0,False,annual,East,2.0,32.0,no,7350.89,0
10423,45.0,644.5,standard,1.0,True,monthly,North,2.0,42.0,yes,29832.05,0
10424,1.0,1078.32,,1.0,False,annual,North,4.0,57.0,no,2005.03,1
10425,34.0,393.9,basic,1.0,False,monthly,East,2.0,20.0,no,13624.03,0
10426,7.0,303.51,basic,1.0,True,monthly,West,3.0,19.0,no,2538.77,1
10427,25.0,565.19,standard,3.0,True,annual,West,3.0,0.0,yes,14661.8,0
10428,33.0,1145.73,premium,1.0,False,monthly,East,2.0,38.0,yes,38520.12,1
10429,6.0,717.15,standard,2.0,True,monthly,North,3.0,46.0,no,3231.48,1
10430,67.0,552.38,standard,0.0,False,biennial,East,2.0,16.0,no,38926.67,0
10431,57.0,273.08,basic,2.0,False,annual,North,4.0,28.0,yes,15839.56,0
10432,28.0,,premium,1.0,False,biennial,East,3.0,7.0,yes,41786.79,0
10433,35.0,461.4,basic,0.0,False,annual,West,1.0,25.0,yes,15387.2,0
10434,20.0,713.81,standard,1.0,True,monthly,South,1.0,27.0,no,14090.3,1
10435,35.0,368.57,basic,2.0,True,monthly,North,2.0,33.0,no,13276.93,0
10436,9.0,253.75,basic,1.0,False,annual,South,1.0,25.0,no,479.34,0
10437,72.0,349.49,,1.0,True,biennial,West,2.0,12.0,no,24262.14,0
10438,23.0,474.98,basic,1.0,False,monthly,East,1.0,43.0,no,10199.25,1
10439,63.0,579.21,standard,1.0,False,biennial,West,,36.0,no,35211.59,1
10440,48.0,333.4,basic,0.0,False,biennial,South,3.0,12.0,yes,16109.28,1
10441,35.0,400.29,basic,1.0,True,annual,West,1.0,37.0,yes,13936.07,0
10442,23.0,248.45,basic,1.0,True,biennial,West,1.0,24.0,yes,7138.06,0
10443,22.0,294.35,,1.0,True,monthly,East,3.0,46.0,no,5355.02,1
10444,61.0,263.26,basic,1.0,True,biennial,South,1.0,22.0,no,16293.61,0
10445,36.0,387.57,basic,1.0,False,annual,South,1.0,21.0,no,13072.43,0
10446,11.0,579.25,standard,2.0,False,monthly,South,3.0,20.0,yes,4654.61,1
10447,54.0,621.88,standard,1.0,False,biennial,North,2.0,53.0,yes,34169.32,0
10448,12.0,746.89,standard,1.0,True,monthly,West,,29.0,yes,9633.28,0
10449,22.0,614.79,standard,2.0,True,monthly,South,2.0,10.0,no,14077.5,1
10450,29.0,311.07,basic,1.0,False,annual,West,1.0,3.0,yes,7704.53,0
10451,16.0,1234.34,premium,2.0,True,monthly,East,2.0,32.0,yes,19833.03,0
10452,,795.0,standard,0.0,True,monthly,East,0.0,46.0,no,49092.36,0
10453,12.0,786.98,standard,1.0,False,annual,North,1.0,11.0,yes,10395.92,0
10454,58.0,224.69,basic,0.0,False,monthly,North,0.0,8.0,no,13660.31,0
10455,18.0,242.47,basic,1.0,True,monthly,East,1.0,31.0,yes,5329.59,0
10456,,221.74,basic,2.0,False,monthly,South,3.0,10.0,no,11710.9,0
10457,11.0,369.8,basic,0.0,True,monthly,East,2.0,36.0,no,4172.67,0
10458,60.0,718.84,standard,1.0,False,annual,West,2.0,23.0,no,43628.93,1
10459,18.0,467.41,standard,2.0,True,annual,North,5.0,6.0,no,,0
10460,8.0,859.61,standard,1.0,True,biennial,North,1.0,7.0,no,7267.01,0
10461,70.0,,standard,2.0,False,annual,East,2.0,32.0,no,47133.7,0
10462,27.0,1489.65,premium,1.0,True,monthly,South,3.0,24.0,no,41095.05,0
10463,51.0,488.71,standard,1.0,False,biennial,South,,0.0,no,24291.76,0
10464,15.0,1088.16,premium,1.0,False,annual,West,3.0,2.0,yes,15016.4,0
10465,68.0,460.3,basic,0.0,False,annual,North,1.0,39.0,no,31319.71,0
10466,11.0,250.41,basic,0.0,False,annual,East,3.0,27.0,yes,1573.38,0
10467,24.0,293.19,basic,0.0,True,biennial,East,0.0,42.0,no,7119.69,1
10468,51.0,716.51,standard,0.0,False,,North,0.0,32.0,no,36534.61,0
10469,52.0,1653.78,premium,2.0,True,monthly,East,3.0,45.0,no,87297.47,0
10470,22.0,352.61,basic,0.0,True,annual,North,1.0,0.0,yes,8262.48,0
10471,15.0,1449.72,premium,2.0,False,monthly,South,2.0,37.0,no,22723.74,1
10472,56.0,334.85,basic,0.0,True,monthly,South,0.0,52.0,yes,18262.01,0
10473,38.0,1053.3,,0.0,True,monthly,East,2.0,26.0,no,41555.07,0
10474,52.0,508.67,basic,0.0,True,monthly,South,0.0,37.0,yes,27344.49,0
10475,41.0,393.94,basic,0.0,False,monthly,South,1.0,34.0,no,16578.98,1
10476,57.0,584.22,standard,1.0,False,monthly,West,3.0,9.0,yes,31493.98,0
10477,38.0,285.59,basic,1.0,True,annual,North,2.0,11.0,yes,12031.16,0
10478,13.0,426.63,basic,3.0,True,annual,North,6.0,9.0,no,7319.53,1
10479,4.0,412.34,basic,1.0,False,biennial,East,2.0,53.0,no,1660.65,0
10480,34.0,1073.28,premium,2.0,True,monthly,North,3.0,33.0,yes,36523.27,0
10481,17.0,364.83,standard,2.0,True,annual,,2.0,23.0,no,5685.43,0
10482,8.0,317.57,basic,0.0,True,biennial,East,0.0,27.0,yes,908.82,0
10483,57.0,626.27,standard,0.0,True,monthly,East,2.0,,no,35135.3,0
10484,16.0,672.69,,1.0,True,annual,North,2.0,44.0,no,12422.46,0
10485,6.0,382.72,basic,,False,annual,South,,15.0,yes,3375.33,1
10486,45.0,243.96,basic,1.0,True,monthly,South,2.0,12.0,no,10205.49,0
10487,12.0,305.94,basic,1.0,False,biennial,South,2.0,35.0,yes,3092.89,0
10488,39.0,267.9,basic,,False,annual,South,2.0,35.0,no,12583.18,0
10489,41.0,771.61,standard,0.0,False,monthly,West,1.0,42.0,no,30615.85,0
10490,8.0,385.51,basic,2.0,True,monthly,East,2.0,22.0,no,2368.65,0
10491,49.0,715.64,standard,2.0,True,monthly,South,4.0,13.0,yes,34636.78,0
10492,26.0,658.26,standard,0.0,True,monthly,,2.0,31.0,yes,15756.75,1
10493,65.0,451.25,basic,1.0,False,monthly,East,2.0,2.0,yes,28793.74,0
10494,4.0,721.57,standard,1.0,True,monthly,,2.0,26.0,no,2363.97,1
10495,,311.71,basic,1.0,True,monthly,North,1.0,18.0,no,7825.63,1
10496,36.0,575.56,premium,1.0,True,biennial,,3.0,21.0,no,22048.13,0
10497,37.0,453.49,standard,0.0,True,monthly,East,1.0,56.0,no,15612.3,0
10498,,1291.51,,0.0,True,monthly,South,1.0,0.0,yes,8898.64,0
10499,64.0,688.3,standard,0.0,True,monthly,East,1.0,4.0,yes,43174.2,1
10500,16.0,383.81,basic,0.0,True,monthly,South,2.0,48.0,yes,5930.99,0
10501,70.0,609.95,standard,0.0,True,monthly,West,1.0,32.0,yes,41773.04,0
10502,44.0,1246.32,premium,1.0,True,monthly,South,3.0,50.0,yes,54913.97,1
10503,,555.28,standard,1.0,False,monthly,West,1.0,18.0,no,1987.3,0
10504,35.0,1246.38,premium,1.0,True,annual,East,2.0,35.0,yes,45025.48,0
10505,69.0,1306.51,premium,0.0,True,biennial,East,1.0,50.0,yes,89560.6,0
10506,30.0,150.0,basic,1.0,True,monthly,South,2.0,5.0,no,6117.83,0
10507,18.0,291.48,basic,3.0,True,monthly,East,5.0,59.0,yes,4439.66,1
10508,60.0,611.19,standard,1.0,False,annual,South,2.0,14.0,no,36433.38,0
10509,53.0,267.61,basic,1.0,True,annual,East,1.0,35.0,yes,15948.07,0
10510,38.0,1326.04,premium,0.0,False,monthly,North,1.0,55.0,no,53292.46,0
10511,18.0,965.13,premium,1.0,False,biennial,South,4.0,32.0,no,19058.28,0
10512,38.0,415.64,basic,1.0,False,annual,West,2.0,23.0,yes,15570.73,0
10513,66.0,329.86,basic,1.0,True,monthly,North,1.0,26.0,no,22285.64,0
10514,44.0,582.06,standard,1.0,True,annual,West,2.0,48.0,no,26293.28,0
10515,12.0,265.02,basic,1.0,False,biennial,East,2.0,10.0,no,3525.66,0
10516,57.0,850.54,premium,2.0,True,annual,North,3.0,48.0,yes,47472.93,0
10517,19.0,419.09,basic,2.0,False,monthly,East,3.0,22.0,no,8197.29,0
10518,71.0,967.4,standard,1.0,False,monthly,South,1.0,32.0,no,68179.55,1
10519,60.0,313.18,basic,2.0,False,monthly,,2.0,40.0,no,17822.39,1
10520,38.0,492.54,standard,0.0,True,monthly,East,0.0,45.0,yes,18405.15,1
10521,0.0,710.33,standard,1.0,False,annual,West,2.0,46.0,yes,1025.66,0
10522,2.0,608.2,standard,1.0,False,annual,West,1.0,55.0,yes,2217.78,0
10523,61.0,,basic,2.0,False,annual,East,3.0,28.0,yes,18176.0,0
10524,62.0,721.48,standard,2.0,True,biennial,South,2.0,30.0,yes,44653.15,0
10525,24.0,1357.08,premium,0.0,True,monthly,West,0.0,0.0,yes,33373.85,0
10526,55.0,380.65,basic,0.0,True,biennial,East,,33.0,yes,21006.62,0
10527,32.0,388.42,basic,0.0,True,annual,South,1.0,17.0,yes,12810.99,0
10528,37.0,304.45,basic,1.0,True,monthly,East,,17.0,no,11342.62,1
10529,5.0,583.51,standard,0.0,False,annual,South,2.0,5.0,yes,3120.28,0
10530,57.0,841.9,standard,1.0,True,monthly,West,2.0,51.0,yes,46909.28,1
10531,43.0,794.12,standard,1.0,False,annual,North,1.0,39.0,yes,34269.49,0
10532,44.0,413.43,basic,0.0,True,monthly,East,0.0,0.0,no,19618.78,1
10533,31.0,427.63,basic,1.0,True,monthly,West,1.0,46.0,no,13425.52,1
10534,44.0,683.84,standard,3.0,True,annual,East,5.0,41.0,no,29255.21,0
10535,60.0,669.17,standard,3.0,True,annual,,7.0,29.0,yes,41626.73,0
10536,46.0,988.98,premium,0.0,False,monthly,South,4.0,3.0,no,46214.45,1
10537,20.0,165.27,basic,0.0,True,monthly,East,1.0,31.0,no,4073.03,1
10538,35.0,521.6,standard,1.0,True,monthly,South,1.0,9.0,yes,18996.52,0
10539,18.0,436.56,basic,1.0,True,annual,West,1.0,42.0,no,6731.71,1
10540,19.0,429.64,basic,1.0,False,biennial,East,2.0,4.0,no,8810.96,0
10541,56.0,668.87,standard,1.0,True,biennial,West,2.0,8.0,no,38841.35,0
10542,,650.75,,1.0,True,monthly,North,2.0,4.0,no,10582.55,0
10543,46.0,1107.53,premium,3.0,True,annual,West,5.0,,no,49017.77,1
10544,48.0,423.93,basic,1.0,True,monthly,East,2.0,10.0,yes,20714.21,0
10545,13.0,316.19,,1.0,True,annual,North,3.0,34.0,no,4143.22,0
10546,14.0,615.96,standard,3.0,False,monthly,South,4.0,26.0,yes,7075.82,1
10547,30.0,814.17,standard,0.0,True,monthly,North,2.0,3.0,no,25030.48,0
10548,0.0,393.2,basic,0.0,True,annual,East,3.0,9.0,yes,923.49,0
10549,53.0,246.07,basic,1.0,True,monthly,East,2.0,38.0,no,11575.57,0
10550,2.0,252.22,basic,0.0,True,annual,West,0.0,32.0,yes,2393.75,0
10551,15.0,1106.97,premium,1.0,True,annual,South,,58.0,no,17355.67,0
10552,56.0,425.0,basic,0.0,False,monthly,East,1.0,37.0,yes,21909.74,0
10553,11.0,400.69,basic,0.0,False,monthly,East,1.0,7.0,yes,5226.45,0
10554,15.0,357.04,basic,0.0,False,biennial,South,0.0,48.0,no,6145.43,1
10555,71.0,158.7,basic,3.0,False,annual,South,5.0,23.0,yes,12682.71,0
10556,23.0,344.01,basic,0.0,True,monthly,West,2.0,38.0,no,7288.35,0
10557,27.0,482.37,standard,2.0,True,monthly,North,3.0,32.0,yes,13857.29,0
10558,7.0,307.22,basic,4.0,True,annual,South,5.0,40.0,no,1913.89,0
10559,35.0,883.19,premium,0.0,True,annual,East,0.0,42.0,yes,30355.17,0
10560,7.0,465.55,basic,1.0,True,monthly,South,2.0,18.0,yes,2393.84,0
10561,57.0,455.43,standard,2.0,True,,East,2.0,,no,24056.37,1
10562,59.0,1211.28,premium,2.0,False,biennial,West,3.0,54.0,no,72005.94,0
10563,49.0,723.78,standard,1.0,False,annual,North,3.0,10.0,yes,35192.17,0
10564,27.0,863.44,standard,0.0,False,biennial,West,1.0,34.0,no,20582.76,0
10565,40.0,365.46,basic,1.0,False,annual,South,4.0,16.0,yes,14693.76,0
10566,63.0,455.57,basic,0.0,True,biennial,East,0.0,41.0,yes,29858.76,0
10567,26.0,618.54,standard,0.0,True,monthly,South,2.0,60.0,no,14775.05,0
10568,62.0,1125.73,premium,2.0,False,annual,South,2.0,2.0,yes,69082.66,1
10569,16.0,602.22,standard,2.0,True,monthly,,3.0,21.0,no,10076.44,0
10570,72.0,576.57,standard,2.0,True,annual,South,3.0,34.0,no,38954.16,0
10571,32.0,867.14,standard,1.0,True,monthly,North,1.0,20.0,no,27214.8,0
10572,28.0,473.09,standard,1.0,True,,East,2.0,24.0,no,13593.13,1
10573,12.0,270.29,basic,2.0,True,biennial,South,2.0,38.0,yes,2682.36,0
10574,45.0,664.35,standard,0.0,True,,East,1.0,1.0,yes,28597.74,0
10575,34.0,1216.94,premium,2.0,True,monthly,North,2.0,0.0,yes,40125.87,0
10576,5.0,269.03,basic,1.0,False,annual,East,1.0,6.0,yes,0.0,1
10577,68.0,769.27,standard,3.0,True,monthly,East,6.0,19.0,no,51677.32,0
10578,46.0,414.79,basic,1.0,True,monthly,North,2.0,42.0,no,20137.0,1
10579,24.0,657.7,standard,2.0,True,annual,South,5.0,54.0,no,18146.69,0
10580,65.0,,basic,2.0,True,monthly,,3.0,5.0,no,26801.23,0
10581,9.0,543.05,standard,1.0,False,biennial,West,2.0,54.0,yes,5655.7,0
10582,55.0,642.58,,0.0,False,monthly,East,0.0,35.0,no,34401.08,1
10583,29.0,355.58,,1.0,False,annual,,2.0,50.0,,8220.17,1
10584,4.0,904.47,standard,0.0,True,annual,West,0.0,59.0,no,5469.49,1
10585,,719.53,standard,1.0,True,monthly,,4.0,20.0,yes,22429.86,1
10586,64.0,906.72,premium,2.0,True,monthly,East,2.0,50.0,no,58748.79,1
10587,17.0,449.98,basic,0.0,,annual,North,1.0,45.0,no,7808.12,0
10588,48.0,228.79,basic,2.0,True,annual,South,4.0,34.0,no,11976.51,1
10589,10.0,447.42,basic,1.0,True,,South,1.0,35.0,no,5428.3,0
10590,25.0,894.17,,1.0,True,monthly,North,2.0,7.0,no,22631.98,0
10591,62.0,1199.36,premium,0.0,False,monthly,East,1.0,49.0,no,74748.1,1
10592,58.0,697.0,standard,0.0,True,monthly,South,1.0,3.0,no,41638.58,0
10593,26.0,1019.15,premium,3.0,False,monthly,East,5.0,42.0,yes,26088.21,1
10594,48.0,597.35,standard,1.0,True,monthly,East,2.0,15.0,no,30228.41,0
10595,32.0,667.32,standard,1.0,True,annual,East,3.0,2.0,no,20646.38,0
10596,0.0,297.41,basic,1.0,False,annual,North,2.0,6.0,no,373.99,1
10597,20.0,581.34,standard,1.0,False,biennial,East,1.0,1.0,no,12255.98,0
10598,54.0,336.93,basic,1.0,True,annual,East,3.0,0.0,no,16565.13,0
10599,5.0,1110.07,premium,1.0,True,biennial,West,2.0,57.0,no,6932.2,0
10600,68.0,560.09,standard,1.0,True,annual,West,1.0,0.0,yes,38562.02,0
10601,4.0,712.71,standard,1.0,True,annual,West,2.0,,yes,6151.81,1
10602,2.0,441.73,basic,3.0,False,biennial,South,4.0,50.0,no,2964.15,1
10603,52.0,255.16,basic,2.0,False,annual,South,2.0,6.0,no,13257.42,1
10604,22.0,391.68,basic,1.0,False,,,2.0,23.0,no,10402.55,1
10605,52.0,471.63,basic,0.0,True,annual,North,1.0,4.0,no,25372.1,1
10606,36.0,310.42,basic,0.0,True,biennial,North,0.0,20.0,no,11406.23,0
10607,16.0,1032.17,premium,0.0,True,annual,West,3.0,27.0,yes,14855.36,0
10608,72.0,661.29,standard,4.0,False,annual,South,,17.0,no,46189.34,0
10609,0.0,309.43,basic,3.0,False,annual,South,5.0,23.0,yes,313.8,1
10610,50.0,216.52,basic,3.0,True,biennial,North,4.0,57.0,no,10330.64,1
10611,44.0,243.73,basic,0.0,True,monthly,East,2.0,31.0,no,10949.31,1
10612,3.0,791.91,standard,,,annual,North,1.0,44.0,no,3748.1,1
10613,61.0,637.12,standard,3.0,True,monthly,East,3.0,32.0,no,39729.28,1
10614,64.0,1390.93,premium,2.0,False,annual,South,2.0,9.0,no,88323.23,0
10615,31.0,878.4,,2.0,True,annual,South,3.0,8.0,no,,1
10616,33.0,1038.1,premium,1.0,True,monthly,West,1.0,48.0,no,33343.25,1
10617,71.0,923.1,premium,2.0,True,monthly,South,3.0,32.0,yes,64397.86,1
10618,38.0,217.1,basic,0.0,False,annual,East,0.0,32.0,no,8631.44,0
10619,25.0,721.62,premium,1.0,True,monthly,North,1.0,6.0,no,17226.0,0
10620,33.0,296.98,basic,0.0,False,monthly,West,0.0,3.0,no,9158.49,0
10621,53.0,1089.63,premium,1.0,False,annual,East,3.0,27.0,no,58744.36,1
10622,,339.76,basic,1.0,False,monthly,North,2.0,22.0,yes,1337.15,0
10623,49.0,1529.91,premium,1.0,True,monthly,North,2.0,52.0,yes,74593.78,1
10624,11.0,1466.7,premium,0.0,,,North,0.0,31.0,no,14508.6,0
10625,64.0,949.82,premium,0.0,True,monthly,South,1.0,43.0,yes,60053.32,1
10626,53.0,788.07,standard,2.0,True,monthly,North,2.0,15.0,no,43709.79,0
10627,4.0,343.33,basic,3.0,True,annual,South,4.0,45.0,yes,2339.86,1
10628,56.0,364.86,basic,1.0,True,annual,North,1.0,54.0,no,21855.75,0
10629,16.0,365.79,basic,2.0,True,biennial,North,2.0,9.0,,6108.66,0
10630,46.0,284.98,basic,0.0,False,biennial,South,1.0,13.0,no,12758.03,0
10631,22.0,553.19,standard,0.0,True,annual,South,0.0,38.0,no,13075.37,0
10632,13.0,449.82,basic,2.0,False,monthly,East,3.0,35.0,yes,7129.5,0
10633,65.0,1232.45,premium,1.0,False,monthly,North,2.0,33.0,yes,79629.51,0
10634,50.0,672.5,standard,1.0,False,,South,1.0,23.0,no,32911.8,0
10635,37.0,1088.61,premium,1.0,False,monthly,East,2.0,17.0,no,38757.31,0
10636,63.0,424.08,basic,2.0,False,annual,East,2.0,15.0,yes,25978.61,0
10637,37.0,964.93,premium,2.0,False,annual,South,3.0,40.0,no,36371.33,0
10638,49.0,1331.06,premium,1.0,,monthly,,1.0,36.0,no,64625.68,1
10639,29.0,638.56,standard,3.0,True,annual,East,,40.0,no,19449.97,0
10640,50.0,700.03,standard,1.0,True,monthly,North,3.0,24.0,no,36968.67,1
10641,62.0,695.84,standard,1.0,,monthly,North,,7.0,no,43166.9,0
10642,51.0,407.98,,0.0,True,annual,East,0.0,23.0,,20790.71,0
10643,37.0,713.73,,1.0,True,monthly,South,3.0,,no,26956.62,0
10644,29.0,485.63,basic,0.0,True,monthly,North,0.0,47.0,yes,13508.87,0
10645,50.0,353.5,basic,3.0,True,monthly,West,3.0,29.0,no,,1
10646,4.0,329.53,basic,1.0,True,monthly,South,4.0,19.0,no,700.61,1
10647,28.0,323.83,basic,0.0,False,annual,East,1.0,17.0,no,7921.66,0
10648,3.0,220.12,basic,1.0,True,biennial,West,2.0,3.0,no,1560.15,0
10649,9.0,341.22,basic,0.0,False,monthly,North,1.0,47.0,no,2574.4,1
10650,55.0,1060.23,premium,0.0,True,monthly,South,1.0,35.0,yes,59424.04,0
10651,16.0,589.84,standard,0.0,False,annual,West,2.0,5.0,no,9966.72,1
10652,16.0,1166.49,premium,0.0,False,biennial,South,1.0,2.0,no,18641.06,1
10653,68.0,280.85,basic,1.0,False,monthly,North,2.0,17.0,,19907.43,0
10654,33.0,,basic,0.0,False,monthly,South,0.0,46.0,no,10234.63,0
10655,5.0,663.13,standard,0.0,True,annual,West,1.0,39.0,no,2535.25,1
10656,52.0,365.17,basic,2.0,False,annual,South,3.0,17.0,no,19702.44,1
10657,65.0,221.56,basic,2.0,False,monthly,,3.0,55.0,no,12205.73,0
10658,42.0,566.87,standard,0.0,False,annual,East,0.0,22.0,no,23823.15,0
10659,22.0,484.2,basic,1.0,False,monthly,West,2.0,,no,11242.9,0
10660,54.0,511.16,standard,1.0,True,monthly,South,3.0,5.0,no,28913.52,0
10661,15.0,647.24,standard,1.0,False,monthly,West,3.0,53.0,no,11224.08,1
10662,7.0,343.06,basic,,True,biennial,South,2.0,25.0,yes,2271.13,0
10663,3.0,475.46,basic,2.0,True,monthly,,2.0,20.0,no,2196.65,1
10664,3.0,595.52,standard,,True,monthly,East,1.0,60.0,yes,,0
10665,,768.83,standard,0.0,False,monthly,North,0.0,23.0,no,41842.16,1
10666,24.0,272.14,basic,0.0,True,biennial,South,2.0,14.0,no,7899.02,1
10667,66.0,1137.37,premium,1.0,True,monthly,North,3.0,26.0,no,75026.52,1
10668,,395.44,basic,0.0,True,monthly,West,3.0,31.0,no,26258.72,0
10669,26.0,582.2,standard,1.0,False,monthly,West,2.0,11.0,yes,14104.06,0
10670,31.0,1380.71,premium,1.0,True,annual,South,3.0,4.0,no,43224.58,0
10671,49.0,486.4,basic,1.0,True,monthly,East,3.0,6.0,no,24587.65,0
10672,60.0,325.94,basic,1.0,True,monthly,West,2.0,21.0,no,20279.42,0
10673,50.0,479.2,basic,2.0,False,monthly,East,3.0,26.0,no,22748.64,1
10674,18.0,429.77,basic,0.0,False,biennial,South,1.0,14.0,no,8735.8,0
10675,20.0,382.63,basic,2.0,False,annual,East,2.0,38.0,no,6654.5,1
10676,4.0,651.06,standard,1.0,True,,South,1.0,44.0,no,2577.83,0
10677,41.0,237.97,basic,2.0,False,biennial,North,5.0,56.0,no,8138.65,1
10678,60.0,653.49,standard,2.0,True,biennial,South,3.0,34.0,no,39029.93,0
10679,21.0,1122.05,premium,0.0,True,monthly,North,1.0,25.0,,22559.46,1
10680,20.0,1223.35,premium,3.0,True,biennial,South,5.0,22.0,no,24018.14,0
10681,69.0,634.53,standard,0.0,,monthly,West,0.0,12.0,yes,,0
10682,0.0,486.95,basic,2.0,False,monthly,West,3.0,25.0,no,1314.17,0
10683,4.0,794.37,standard,1.0,True,biennial,East,1.0,2.0,yes,3970.38,0
10684,11.0,743.05,standard,1.0,True,monthly,South,1.0,28.0,yes,5836.25,0
10685,45.0,362.31,basic,5.0,True,monthly,South,7.0,1.0,yes,16982.27,1
10686,33.0,411.32,basic,1.0,True,monthly,South,1.0,27.0,yes,13779.84,0
10687,48.0,890.69,premium,,True,annual,East,2.0,22.0,no,42192.92,1
10688,44.0,372.79,basic,3.0,True,monthly,West,3.0,35.0,yes,15522.35,0
10689,26.0,414.83,basic,0.0,True,annual,South,0.0,48.0,yes,10723.15,1
10690,72.0,328.43,basic,1.0,False,biennial,East,5.0,5.0,yes,23877.56,0
10691,25.0,438.56,basic,1.0,False,annual,South,1.0,10.0,yes,11341.88,0
10692,46.0,1038.58,premium,1.0,False,monthly,North,1.0,37.0,yes,47577.39,1
10693,55.0,625.55,standard,2.0,True,biennial,South,2.0,53.0,no,,0
10694,62.0,866.78,standard,0.0,False,monthly,North,3.0,33.0,,53245.06,0
10695,,416.46,basic,0.0,False,monthly,East,2.0,16.0,no,18389.93,0
10696,60.0,268.61,basic,2.0,False,monthly,,3.0,2.0,no,18171.82,1
10697,25.0,690.67,standard,1.0,False,annual,West,1.0,43.0,yes,17326.06,0
10698,35.0,,basic,1.0,True,monthly,South,3.0,45.0,yes,7291.72,1
10699,0.0,393.07,basic,2.0,False,monthly,East,2.0,33.0,yes,1028.2,1
10700,7.0,,standard,1.0,True,monthly,West,4.0,21.0,no,5038.06,1
10701,51.0,311.68,,2.0,True,monthly,South,2.0,28.0,yes,15479.46,0
10702,46.0,866.78,standard,0.0,True,annual,East,0.0,59.0,no,39328.05,0
10703,55.0,294.77,basic,3.0,True,annual,North,3.0,53.0,yes,14191.76,0
10704,13.0,350.33,basic,0.0,False,annual,East,0.0,28.0,yes,4696.48,0
10705,27.0,413.45,basic,3.0,True,monthly,North,3.0,4.0,no,11463.53,0
10706,1.0,1222.77,premium,0.0,True,monthly,West,1.0,9.0,no,,0
10707,25.0,951.09,premium,2.0,False,biennial,West,3.0,9.0,no,23920.67,0
10708,13.0,1017.13,,1.0,True,monthly,South,2.0,52.0,no,12016.28,0
10709,58.0,706.77,,0.0,True,biennial,South,1.0,8.0,no,40698.61,0
10710,55.0,268.54,basic,0.0,True,monthly,South,3.0,20.0,no,14119.85,0
10711,6.0,532.6,,0.0,False,biennial,West,2.0,12.0,no,3860.61,0
10712,2.0,818.81,standard,1.0,True,monthly,,3.0,9.0,yes,,0
10713,22.0,1134.3,premium,1.0,False,monthly,South,4.0,37.0,no,24314.79,0
10714,17.0,266.89,basic,0.0,True,annual,South,2.0,10.0,no,4377.18,0
10715,37.0,623.49,standard,0.0,True,annual,West,1.0,3.0,no,22029.61,0
10716,14.0,363.19,basic,1.0,,,North,1.0,57.0,no,4756.48,0
10717,63.0,294.45,basic,0.0,True,annual,East,0.0,45.0,no,19133.04,0
10718,27.0,672.48,standard,3.0,False,annual,South,3.0,30.0,no,16824.67,0
10719,38.0,483.75,standard,0.0,False,monthly,,0.0,48.0,,18321.34,0
10720,56.0,260.63,basic,1.0,True,monthly,East,2.0,51.0,no,13845.35,1
10721,16.0,357.97,basic,,True,monthly,South,3.0,33.0,no,4395.94,1
10722,43.0,562.44,standard,1.0,False,monthly,West,1.0,41.0,no,26050.21,0
10723,24.0,527.29,standard,3.0,True,annual,South,,34.0,,13908.73,1
10724,16.0,1150.87,premium,2.0,True,monthly,North,7.0,38.0,no,17815.86,1
10725,12.0,897.39,premium,3.0,False,monthly,North,5.0,38.0,yes,10478.91,1
10726,24.0,618.3,standard,2.0,True,monthly,South,2.0,32.0,no,12816.95,0
10727,67.0,296.55,basic,1.0,False,monthly,East,2.0,7.0,yes,18276.36,1
10728,9.0,676.58,standard,3.0,True,monthly,,3.0,31.0,no,4961.19,1
10729,66.0,258.36,basic,0.0,,monthly,North,0.0,54.0,no,17018.18,1
10730,17.0,240.93,basic,2.0,True,monthly,South,3.0,32.0,yes,3981.09,0
10731,33.0,1341.79,premium,0.0,True,biennial,South,0.0,7.0,yes,44610.79,0
10732,7.0,350.72,basic,2.0,True,monthly,West,2.0,45.0,no,3133.65,0
10733,39.0,1013.6,premium,1.0,True,annual,South,2.0,13.0,yes,39808.41,0
10734,41.0,775.74,standard,1.0,True,monthly,South,1.0,33.0,yes,30723.93,0
10735,40.0,513.47,standard,0.0,True,monthly,North,1.0,7.0,no,20862.82,1
10736,5.0,652.93,standard,1.0,True,monthly,North,1.0,50.0,no,3900.0,0
10737,51.0,1176.19,premium,0.0,False,monthly,North,0.0,41.0,no,59558.42,0
10738,25.0,582.59,standard,1.0,True,biennial,East,1.0,6.0,no,12718.33,0
10739,63.0,463.59,standard,2.0,True,biennial,North,4.0,12.0,yes,30390.24,0
10740,58.0,363.17,basic,1.0,True,annual,North,1.0,53.0,yes,21152.17,0
10741,55.0,817.91,standard,0.0,True,annual,South,1.0,20.0,yes,42212.21,0
10742,58.0,477.27,basic,1.0,True,monthly,West,1.0,,no,29751.91,0
10743,69.0,711.23,standard,2.0,True,monthly,North,3.0,31.0,no,48596.11,1
10744,32.0,591.83,standard,0.0,False,biennial,West,0.0,10.0,yes,21377.58,0
10745,52.0,530.55,standard,0.0,True,annual,North,2.0,57.0,no,27965.96,1
10746,21.0,392.78,basic,1.0,True,annual,North,4.0,13.0,no,8045.7,0
10747,,267.04,basic,1.0,False,monthly,West,2.0,10.0,no,5524.39,1
10748,69.0,615.74,standard,2.0,False,monthly,South,3.0,1.0,no,41776.79,0
10749,69.0,358.97,basic,2.0,True,biennial,North,2.0,33.0,no,24830.24,0
10750,3.0,489.57,basic,1.0,False,monthly,West,2.0,60.0,no,3479.33,0
10751,61.0,327.52,basic,1.0,True,monthly,North,2.0,43.0,no,19080.1,1
10752,61.0,1300.33,premium,4.0,False,monthly,East,5.0,46.0,no,79853.49,1
10753,23.0,649.67,standard,3.0,,annual,East,3.0,16.0,no,14222.65,0
10754,54.0,326.97,basic,2.0,False,monthly,East,4.0,13.0,no,17488.3,1
10755,8.0,358.46,basic,1.0,False,annual,East,1.0,24.0,yes,4844.29,1
10756,2.0,227.82,basic,0.0,True,monthly,South,1.0,47.0,yes,982.1,1
10757,30.0,480.91,standard,0.0,False,biennial,East,2.0,26.0,no,15172.97,0
10758,39.0,600.96,standard,1.0,True,annual,West,1.0,7.0,no,23508.29,0
10759,35.0,338.31,basic,2.0,True,monthly,North,2.0,55.0,no,14536.34,1
10760,23.0,302.57,basic,1.0,True,annual,West,1.0,16.0,no,6009.47,0
10761,5.0,291.04,,0.0,True,monthly,East,,4.0,yes,0.0,0
10762,65.0,615.39,standard,3.0,False,monthly,South,3.0,,no,41686.36,1
10763,3.0,635.61,standard,1.0,True,biennial,East,2.0,37.0,yes,1525.25,0
10764,,385.6,basic,,True,monthly,East,1.0,17.0,no,2338.26,1
10765,50.0,182.63,basic,0.0,True,monthly,South,2.0,25.0,no,10847.86,0
10766,61.0,463.03,basic,0.0,True,monthly,South,0.0,30.0,no,28668.39,0
10767,56.0,1089.79,premium,1.0,False,monthly,South,2.0,36.0,yes,63259.06,0
10768,65.0,163.55,basic,2.0,True,biennial,South,4.0,5.0,no,10766.95,0
10769,7.0,824.67,standard,0.0,False,monthly,South,1.0,40.0,,5064.56,1
10770,25.0,746.9,standard,1.0,False,biennial,South,1.0,14.0,no,16319.02,0
10771,50.0,,,2.0,False,biennial,North,2.0,41.0,no,17802.55,1
10772,44.0,246.23,basic,1.0,True,monthly,East,3.0,48.0,no,8597.69,0
10773,43.0,431.22,basic,1.0,False,monthly,East,1.0,60.0,,18867.1,1
10774,4.0,781.19,standard,,True,biennial,South,3.0,25.0,no,4584.3,0
10775,69.0,878.53,standard,0.0,False,monthly,West,2.0,50.0,yes,60601.51,1
10776,25.0,577.35,standard,1.0,True,monthly,South,2.0,11.0,no,14623.86,0
10777,67.0,786.61,standard,0.0,True,monthly,North,1.0,40.0,no,53618.53,1
10778,18.0,276.65,basic,3.0,True,,West,3.0,46.0,yes,5649.23,0
10779,19.0,1041.88,premium,2.0,False,annual,,5.0,13.0,yes,20956.22,1
10780,11.0,830.51,standard,2.0,True,monthly,West,3.0,0.0,yes,9116.43,0
10781,46.0,384.68,basic,0.0,True,monthly,West,0.0,16.0,yes,15444.14,0
10782,0.0,1356.68,premium,1.0,True,biennial,South,2.0,32.0,no,2532.7,1
10783,13.0,679.79,standard,3.0,False,annual,North,4.0,54.0,no,8598.47,1
10784,63.0,454.93,standard,0.0,False,annual,West,2.0,28.0,no,27781.94,1
10785,37.0,684.61,standard,2.0,True,annual,North,6.0,52.0,no,25666.51,1
10786,36.0,1257.4,premium,1.0,True,monthly,South,1.0,53.0,no,45452.94,0
10787,10.0,479.46,standard,0.0,True,annual,South,0.0,44.0,no,4045.14,0
10788,2.0,370.77,basic,0.0,True,monthly,South,0.0,30.0,no,0.0,1
10789,32.0,346.34,basic,0.0,False,monthly,South,0.0,7.0,no,11551.3,0
10790,5.0,1008.74,premium,0.0,True,annual,East,1.0,29.0,no,4193.83,0
10791,49.0,512.29,basic,1.0,True,monthly,West,1.0,12.0,no,25216.59,0
10792,9.0,,basic,2.0,True,biennial,East,2.0,15.0,yes,,1
10793,4.0,262.29,basic,3.0,,monthly,South,5.0,1.0,no,2017.34,1
10794,22.0,417.06,basic,0.0,True,biennial,West,1.0,44.0,no,11294.42,1
10795,9.0,570.92,standard,4.0,True,,West,6.0,17.0,no,5375.49,0
10796,43.0,1139.63,premium,1.0,True,monthly,North,3.0,34.0,no,48578.73,0
10797,1.0,,basic,0.0,True,,South,1.0,44.0,yes,2037.36,0
10798,12.0,377.07,basic,1.0,True,monthly,East,1.0,18.0,no,5572.93,0
10799,39.0,183.13,basic,2.0,True,biennial,North,2.0,12.0,no,7310.45,0
10800,1.0,1069.65,premium,3.0,True,monthly,West,3.0,50.0,no,1306.14,1
10801,64.0,563.33,standard,1.0,False,annual,East,1.0,3.0,yes,36080.03,1
10802,62.0,464.41,basic,1.0,True,monthly,South,2.0,18.0,no,28955.63,0
10803,72.0,1260.15,premium,1.0,False,monthly,East,2.0,49.0,no,90628.93,1
10804,16.0,1021.56,premium,1.0,False,monthly,East,7.0,24.0,no,15370.13,1
10805,8.0,1034.68,premium,2.0,False,monthly,East,2.0,37.0,yes,8286.31,1
10806,14.0,1266.22,premium,0.0,True,annual,North,1.0,50.0,yes,19484.35,0
10807,23.0,335.23,basic,3.0,True,annual,West,3.0,56.0,,6894.25,0
10808,37.0,684.64,standard,0.0,True,annual,East,0.0,30.0,yes,25060.41,0
10809,34.0,543.05,standard,4.0,False,monthly,West,6.0,35.0,no,17571.78,1
10810,48.0,962.25,premium,1.0,True,monthly,North,6.0,3.0,no,47345.33,0
10811,68.0,,standard,1.0,False,monthly,South,1.0,55.0,no,48987.3,0
10812,61.0,593.86,standard,0.0,False,annual,South,3.0,38.0,no,34947.15,0
10813,59.0,553.43,standard,2.0,True,biennial,East,2.0,6.0,yes,30633.91,0
10814,49.0,305.22,,2.0,True,monthly,North,3.0,57.0,no,15821.48,1
10815,8.0,625.65,standard,2.0,False,monthly,South,2.0,54.0,no,3665.93,1
10816,33.0,909.62,premium,1.0,True,monthly,North,1.0,57.0,no,30845.73,0
10817,34.0,1187.81,,3.0,True,annual,North,3.0,15.0,no,39747.47,0
10818,0.0,457.69,basic,3.0,False,annual,East,4.0,58.0,no,1152.69,0
10819,39.0,263.77,basic,2.0,True,annual,,2.0,47.0,yes,10731.15,1
10820,63.0,294.9,basic,1.0,False,monthly,North,2.0,4.0,no,18042.25,1
10821,21.0,547.74,standard,1.0,False,annual,North,1.0,46.0,no,10623.55,1
10822,59.0,1158.05,premium,1.0,False,annual,East,1.0,22.0,,68900.75,0
10823,63.0,335.06,basic,1.0,True,monthly,North,1.0,35.0,no,20416.19,0
10824,71.0,382.01,standard,0.0,True,monthly,East,0.0,31.0,yes,28231.69,0
10825,10.0,1128.98,premium,3.0,True,monthly,West,3.0,23.0,no,10457.45,0
10826,13.0,545.83,standard,3.0,True,monthly,North,4.0,24.0,no,,0
10827,59.0,588.51,standard,3.0,True,biennial,East,3.0,44.0,yes,34331.89,0
10828,29.0,542.24,standard,0.0,True,,North,1.0,27.0,no,15730.67,1
10829,34.0,823.5,standard,1.0,True,annual,,3.0,18.0,yes,27298.47,0
10830,36.0,518.81,basic,0.0,True,annual,North,1.0,6.0,no,18498.55,0
10831,4.0,744.85,standard,0.0,False,monthly,South,0.0,43.0,yes,417.65,0
10832,25.0,806.06,standard,1.0,True,annual,South,2.0,57.0,no,19338.58,1
10833,61.0,966.25,premium,1.0,,monthly,North,3.0,40.0,yes,58353.64,0
10834,3.0,506.53,standard,1.0,False,monthly,South,2.0,16.0,no,1447.71,1
10835,41.0,623.52,standard,0.0,False,monthly,North,3.0,1.0,no,26857.51,0
10836,17.0,399.93,basic,2.0,True,monthly,North,3.0,15.0,yes,6101.08,0
10837,39.0,589.58,standard,1.0,True,monthly,West,1.0,38.0,no,24407.61,0
10838,71.0,354.58,basic,3.0,True,monthly,West,4.0,60.0,yes,24313.76,1
10839,38.0,435.94,basic,1.0,False,monthly,South,2.0,17.0,no,15457.6,0
10840,13.0,699.45,standard,2.0,False,monthly,West,3.0,38.0,no,7208.63,1
10841,31.0,958.62,premium,,False,biennial,West,1.0,0.0,no,30324.0,0
10842,50.0,392.31,basic,1.0,True,monthly,North,1.0,2.0,no,19701.52,0
10843,37.0,362.07,basic,1.0,True,annual,East,2.0,20.0,no,13944.13,0
10844,22.0,827.99,premium,2.0,True,monthly,,3.0,59.0,yes,18347.4,0
10845,62.0,378.48,basic,1.0,False,annual,West,1.0,29.0,no,23456.56,0
10846,14.0,582.14,standard,1.0,False,monthly,North,1.0,10.0,yes,8434.38,1
10847,24.0,793.66,standard,2.0,False,biennial,,3.0,21.0,no,21200.33,0
10848,16.0,472.87,standard,2.0,True,monthly,East,,46.0,yes,7091.98,0
10849,65.0,412.73,basic,0.0,True,annual,West,2.0,60.0,no,28881.77,0
10850,52.0,374.85,basic,2.0,True,monthly,West,3.0,56.0,yes,20344.56,1
10851,50.0,683.48,standard,0.0,False,monthly,North,0.0,24.0,no,34539.2,1
10852,38.0,753.42,standard,0.0,False,annual,North,0.0,2.0,yes,29184.49,0
10853,50.0,342.61,basic,1.0,,monthly,North,1.0,29.0,yes,13934.88,0
10854,69.0,517.04,standard,2.0,True,monthly,North,3.0,23.0,no,35414.1,0
10855,5.0,270.97,basic,1.0,True,monthly,West,1.0,44.0,,684.62,1
10856,66.0,808.42,standard,1.0,True,annual,North,1.0,35.0,no,55468.11,1
10857,6.0,299.58,basic,2.0,False,biennial,West,2.0,22.0,no,1456.08,0
10858,50.0,1125.91,premium,0.0,True,monthly,North,0.0,53.0,yes,56265.7,1
10859,71.0,289.35,basic,1.0,False,annual,East,2.0,7.0,no,20497.81,0
10860,41.0,295.01,basic,2.0,True,monthly,East,3.0,53.0,no,10788.88,1
10861,63.0,418.05,basic,3.0,False,monthly,North,5.0,3.0,no,25776.93,0
10862,14.0,337.46,basic,0.0,True,biennial,North,,49.0,no,5541.34,0
10863,28.0,1005.16,premium,0.0,False,biennial,South,2.0,38.0,no,26012.67,1
10864,32.0,1137.84,premium,1.0,True,annual,East,3.0,42.0,yes,36722.23,0
10865,26.0,367.78,basic,1.0,True,monthly,West,4.0,30.0,yes,8660.8,0
10866,35.0,311.65,,1.0,True,monthly,East,2.0,28.0,no,12207.67,0
10867,28.0,531.78,standard,0.0,True,monthly,West,1.0,,no,15284.76,0
10868,37.0,764.84,premium,1.0,True,monthly,North,1.0,35.0,no,26779.31,0
10869,56.0,591.51,standard,1.0,True,monthly,,2.0,12.0,no,32708.41,0
10870,26.0,397.74,basic,1.0,False,annual,East,3.0,40.0,no,10794.8,1
10871,54.0,424.13,basic,0.0,True,biennial,South,0.0,8.0,yes,22599.07,0
10872,32.0,632.59,standard,0.0,False,monthly,South,1.0,54.0,yes,20388.0,1
10873,67.0,357.86,basic,,False,monthly,East,4.0,20.0,no,23957.38,1
10874,65.0,746.13,standard,0.0,True,,East,0.0,50.0,yes,49365.27,0
10875,9.0,236.24,basic,1.0,False,,East,2.0,,yes,2565.73,1
10876,4.0,787.65,standard,2.0,True,annual,West,2.0,24.0,yes,3102.39,0
10877,37.0,284.61,basic,0.0,True,monthly,North,0.0,24.0,no,10548.49,1
10878,12.0,580.67,standard,2.0,True,monthly,,4.0,11.0,no,5885.21,0
10879,30.0,577.5,standard,1.0,False,biennial,North,3.0,28.0,yes,18792.38,0
10880,46.0,483.98,standard,0.0,True,monthly,South,3.0,10.0,yes,25225.29,0
10881,51.0,227.93,basic,1.0,True,monthly,South,4.0,51.0,no,11294.08,0
10882,55.0,618.32,standard,2.0,True,monthly,South,2.0,10.0,no,34055.3,0
10883,14.0,522.64,standard,0.0,False,biennial,East,1.0,48.0,no,8332.01,0
10884,28.0,644.54,standard,1.0,True,biennial,South,2.0,60.0,no,19056.59,0
10885,7.0,706.75,standard,1.0,False,monthly,North,2.0,25.0,no,5125.56,1
10886,4.0,624.38,standard,1.0,False,monthly,South,3.0,52.0,yes,1521.35,1
10887,28.0,931.6,premium,0.0,False,,North,1.0,13.0,no,27902.96,1
10888,46.0,464.78,basic,0.0,False,monthly,South,,15.0,no,22061.11,1
10889,67.0,1401.6,premium,0.0,False,annual,South,0.0,55.0,no,94127.75,1
10890,44.0,664.62,standard,1.0,True,monthly,East,1.0,9.0,no,28520.45,0
10891,1.0,323.39,basic,0.0,True,monthly,North,1.0,30.0,yes,381.35,1
10892,26.0,389.32,basic,0.0,True,annual,South,1.0,30.0,no,8307.87,0
10893,35.0,306.96,basic,3.0,True,monthly,South,,35.0,no,11484.5,1
10894,35.0,598.51,standard,1.0,True,biennial,North,3.0,9.0,no,21932.58,1
10895,25.0,620.45,standard,2.0,True,monthly,South,2.0,25.0,no,15741.01,0
10896,42.0,721.48,standard,0.0,True,monthly,West,1.0,19.0,no,29341.91,1
10897,26.0,809.12,standard,0.0,,biennial,East,0.0,60.0,,21489.02,0
10898,68.0,326.62,basic,2.0,True,monthly,North,3.0,43.0,yes,22997.52,0
10899,19.0,312.47,basic,0.0,False,annual,East,1.0,8.0,no,5193.69,1
10900,10.0,401.57,basic,2.0,True,monthly,West,2.0,14.0,yes,4949.69,0
10901,37.0,293.42,basic,1.0,False,annual,West,1.0,8.0,no,11381.06,1
10902,,360.03,,3.0,False,annual,West,3.0,6.0,yes,1526.13,0
10903,71.0,442.91,basic,2.0,True,monthly,North,4.0,25.0,no,30888.95,1
10904,22.0,449.62,standard,1.0,True,annual,West,3.0,23.0,no,9712.77,0
10905,46.0,739.27,standard,2.0,True,annual,North,3.0,11.0,no,33035.75,0
10906,45.0,1012.21,premium,1.0,,monthly,North,2.0,59.0,yes,45809.71,1
10907,11.0,719.59,premium,1.0,False,annual,South,1.0,19.0,no,8473.97,0
10908,12.0,744.44,standard,0.0,False,annual,North,0.0,55.0,no,10101.88,0
10909,61.0,447.18,basic,1.0,True,monthly,West,3.0,13.0,no,27575.43,0
10910,59.0,637.79,standard,1.0,True,monthly,North,1.0,21.0,yes,38020.93,0
10911,42.0,580.89,standard,2.0,True,monthly,North,5.0,15.0,yes,24129.37,0
10912,67.0,401.24,basic,0.0,True,monthly,East,1.0,28.0,yes,26008.98,0
10913,4.0,253.9,basic,2.0,True,annual,West,2.0,31.0,yes,585.67,0
10914,36.0,1089.11,premium,1.0,True,monthly,North,1.0,18.0,no,40636.03,0
10915,71.0,456.79,,1.0,True,,South,2.0,54.0,no,33066.17,0
10916,30.0,697.76,standard,0.0,True,monthly,North,1.0,34.0,yes,21340.2,0
10917,8.0,585.06,standard,0.0,True,monthly,North,0.0,42.0,yes,2865.11,1
10918,50.0,511.6,basic,0.0,False,annual,East,1.0,31.0,yes,25892.81,0
10919,28.0,427.34,basic,0.0,True,monthly,West,0.0,54.0,no,10635.84,0
10920,39.0,376.45,basic,1.0,False,monthly,West,2.0,52.0,no,13423.18,1
10921,40.0,480.72,basic,0.0,False,monthly,South,4.0,19.0,no,18082.45,0
10922,10.0,490.38,basic,0.0,True,monthly,South,1.0,50.0,no,4130.97,1
10923,22.0,1448.48,premium,2.0,True,monthly,South,2.0,39.0,no,32699.95,1
10924,0.0,310.63,basic,1.0,False,biennial,North,1.0,19.0,no,537.22,1
10925,45.0,744.17,standard,1.0,False,monthly,North,1.0,7.0,yes,32544.5,1
10926,20.0,,basic,3.0,False,biennial,South,4.0,57.0,no,5534.06,1
10927,,1117.29,premium,2.0,True,annual,West,3.0,34.0,no,39603.46,0
10928,53.0,362.73,,1.0,False,monthly,West,3.0,41.0,yes,19922.5,0
10929,56.0,333.48,basic,0.0,True,monthly,South,1.0,12.0,yes,18808.51,0
10930,0.0,1108.23,premium,0.0,False,annual,East,0.0,40.0,no,0.0,0
10931,62.0,952.91,premium,1.0,False,biennial,West,3.0,5.0,no,,0
10932,53.0,361.29,basic,1.0,True,monthly,West,1.0,46.0,no,21529.36,1
10933,54.0,1340.92,premium,1.0,False,monthly,South,1.0,15.0,no,71198.81,1
10934,39.0,805.0,standard,,True,monthly,West,,4.0,yes,31769.93,0
10935,14.0,513.74,standard,0.0,False,monthly,North,2.0,52.0,yes,9313.19,1
10936,20.0,477.79,basic,1.0,True,annual,North,4.0,44.0,yes,9282.32,1
10937,46.0,344.71,basic,2.0,False,biennial,West,4.0,50.0,no,17690.46,0
10938,72.0,844.55,standard,2.0,True,monthly,North,2.0,33.0,no,60119.92,1
10939,52.0,571.47,standard,2.0,False,annual,East,3.0,5.0,no,27741.54,0
10940,8.0,443.69,basic,0.0,True,annual,West,1.0,58.0,yes,2970.24,0
10941,51.0,636.02,standard,2.0,True,monthly,South,2.0,32.0,no,31679.31,0
10942,56.0,849.78,standard,0.0,True,monthly,North,0.0,14.0,no,45917.5,0
10943,25.0,350.11,basic,1.0,False,annual,East,1.0,14.0,no,8335.3,1
10944,40.0,339.39,standard,2.0,True,biennial,East,2.0,13.0,no,14566.6,0
10945,34.0,,basic,3.0,True,annual,North,4.0,38.0,no,14333.24,1
10946,62.0,763.94,standard,2.0,True,monthly,East,4.0,4.0,no,46988.28,0
10947,24.0,528.34,,0.0,False,monthly,West,1.0,51.0,,14050.67,1
10948,37.0,965.63,premium,0.0,True,monthly,East,1.0,56.0,yes,34980.04,1
10949,1.0,382.33,basic,2.0,True,annual,North,2.0,25.0,yes,1001.26,0
10950,6.0,268.24,basic,2.0,True,,East,2.0,47.0,no,0.0,1
10951,33.0,253.52,basic,1.0,True,monthly,North,1.0,16.0,no,7400.02,0
10952,16.0,379.88,basic,1.0,,annual,North,2.0,42.0,yes,5864.65,0
10953,42.0,318.18,basic,1.0,True,annual,East,5.0,46.0,no,14572.68,0
10954,58.0,1261.12,,0.0,False,annual,North,1.0,51.0,no,72232.42,1
10955,50.0,426.21,basic,1.0,False,,North,4.0,15.0,no,20385.94,0
10956,53.0,387.9,basic,1.0,,monthly,South,2.0,34.0,no,20831.05,0
10957,23.0,832.25,standard,1.0,True,biennial,West,1.0,37.0,no,19574.64,0
10958,24.0,456.47,basic,1.0,False,monthly,North,2.0,52.0,,9919.68,1
10959,70.0,426.75,standard,3.0,True,monthly,West,4.0,22.0,yes,29350.6,0
10960,51.0,389.98,basic,1.0,False,biennial,South,3.0,12.0,no,20975.64,0
10961,69.0,581.44,standard,1.0,True,biennial,South,3.0,32.0,no,,0
10962,32.0,594.96,basic,2.0,True,monthly,South,3.0,28.0,yes,19380.2,0
10963,,261.75,basic,1.0,True,annual,South,1.0,52.0,no,12046.47,0
10964,28.0,720.3,premium,3.0,False,annual,West,,45.0,no,21570.98,1
10965,62.0,217.62,basic,0.0,True,annual,East,2.0,33.0,no,14072.86,1
10966,21.0,830.67,standard,2.0,True,monthly,East,2.0,33.0,yes,18324.63,0
10967,25.0,362.09,basic,2.0,True,annual,West,3.0,26.0,no,8514.67,1
10968,27.0,411.22,basic,0.0,False,monthly,North,1.0,14.0,no,11927.46,1
10969,48.0,1034.97,premium,0.0,False,monthly,West,1.0,58.0,yes,50477.04,0
10970,70.0,439.03,basic,2.0,True,monthly,North,2.0,49.0,no,31251.59,1
10971,48.0,661.64,standard,3.0,True,monthly,North,3.0,8.0,yes,31476.11,0
10972,19.0,1222.07,premium,1.0,False,biennial,East,1.0,25.0,yes,23381.94,0
10973,62.0,610.53,standard,2.0,True,monthly,South,2.0,2.0,no,36000.15,0
10974,60.0,934.1,premium,1.0,True,biennial,East,1.0,35.0,yes,57805.0,0
10975,48.0,376.56,basic,1.0,True,,East,3.0,46.0,no,17470.96,0
10976,70.0,413.93,basic,1.0,False,annual,West,4.0,4.0,no,28640.25,1
10977,0.0,384.3,basic,0.0,True,annual,West,1.0,19.0,no,0.0,0
10978,12.0,,standard,1.0,False,annual,North,1.0,19.0,yes,11119.73,0
10979,50.0,1204.1,premium,0.0,True,annual,West,2.0,4.0,no,60734.21,0
10980,55.0,366.95,basic,,True,annual,North,2.0,9.0,yes,19886.73,0
10981,61.0,725.62,standard,0.0,False,biennial,North,0.0,15.0,no,41928.15,0
10982,31.0,429.68,basic,1.0,True,annual,South,1.0,24.0,no,12608.52,1
10983,29.0,699.26,,3.0,True,monthly,South,6.0,43.0,yes,20738.56,1
10984,28.0,755.63,standard,0.0,False,annual,East,1.0,24.0,no,21409.06,0
10985,48.0,1011.07,,0.0,False,monthly,South,0.0,29.0,no,48485.16,1
10986,44.0,639.93,standard,3.0,False,monthly,North,4.0,13.0,yes,,1
10987,29.0,335.41,basic,0.0,False,biennial,West,0.0,21.0,no,8148.27,0
10988,15.0,311.23,basic,1.0,False,monthly,South,2.0,42.0,no,5632.32,1
10989,39.0,377.45,basic,0.0,True,annual,South,0.0,27.0,yes,13280.43,0
10990,18.0,374.68,,3.0,True,monthly,South,3.0,29.0,no,6539.99,0
10991,17.0,296.7,basic,2.0,False,monthly,South,2.0,18.0,yes,4009.01,0
10992,0.0,1339.71,premium,2.0,True,monthly,North,2.0,37.0,no,2333.4,1
10993,46.0,948.2,standard,4.0,True,monthly,North,4.0,,no,44199.23,1
10994,65.0,800.31,standard,0.0,True,annual,East,1.0,19.0,no,51662.95,0
10995,37.0,211.61,basic,1.0,True,monthly,West,2.0,34.0,no,8520.75,0
10996,50.0,1297.99,premium,2.0,False,monthly,East,3.0,21.0,yes,63407.76,1
10997,62.0,824.96,standard,,True,monthly,East,1.0,14.0,,51068.02,1
10998,3.0,312.97,basic,2.0,,monthly,South,3.0,10.0,yes,0.0,0
10999,0.0,,standard,2.0,False,annual,West,2.0,53.0,no,1684.3,0
11000,7.0,664.89,,0.0,True,monthly,South,0.0,,no,5028.52,1
11001,28.0,268.81,basic,2.0,True,annual,,3.0,56.0,no,8176.62,0
11002,54.0,695.55,standard,0.0,True,biennial,East,2.0,23.0,yes,37006.46,0
11003,2.0,783.95,standard,2.0,False,annual,West,3.0,5.0,no,2312.71,1
11004,31.0,303.59,basic,0.0,False,annual,North,0.0,16.0,no,8294.31,0
11005,9.0,,premium,2.0,False,monthly,East,2.0,27.0,no,5450.94,1
11006,33.0,965.14,premium,,False,monthly,West,1.0,49.0,no,31674.46,0
11007,54.0,403.04,standard,2.0,True,biennial,East,2.0,30.0,yes,20829.44,0
11008,31.0,692.75,standard,3.0,False,annual,West,,,yes,22184.85,0
11009,49.0,420.49,basic,1.0,False,annual,East,1.0,54.0,no,20130.55,0
11010,6.0,660.82,standard,1.0,True,annual,South,4.0,8.0,yes,2884.26,0
11011,7.0,587.37,standard,1.0,True,monthly,East,2.0,9.0,yes,2901.41,0
11012,64.0,337.99,basic,1.0,False,monthly,East,1.0,20.0,yes,22328.75,0
11013,56.0,634.77,standard,3.0,False,annual,West,3.0,57.0,yes,33003.04,0
11014,,1151.22,premium,1.0,False,annual,West,3.0,33.0,no,74969.48,0
11015,58.0,558.77,standard,0.0,False,monthly,South,0.0,30.0,yes,33811.56,0
11016,71.0,264.96,basic,2.0,True,biennial,West,3.0,28.0,,18467.8,0
11017,53.0,703.22,standard,2.0,False,monthly,East,2.0,42.0,no,37987.11,1
11018,66.0,351.44,basic,0.0,True,monthly,West,0.0,42.0,no,23622.54,1
11019,50.0,235.89,basic,1.0,True,biennial,West,2.0,,no,11603.63,0
11020,7.0,412.51,basic,0.0,False,annual,West,0.0,32.0,yes,1228.66,1
11021,33.0,282.27,basic,1.0,True,monthly,South,1.0,57.0,no,7989.04,1
11022,34.0,748.39,standard,1.0,False,monthly,South,3.0,45.0,no,24102.54,1
11023,31.0,791.99,standard,1.0,True,monthly,North,5.0,60.0,no,25033.74,0
11024,45.0,318.5,basic,3.0,True,annual,South,4.0,0.0,no,15002.08,0
11025,15.0,1298.35,premium,0.0,True,monthly,South,2.0,20.0,no,18596.44,1
11026,67.0,1135.81,premium,1.0,True,annual,South,5.0,22.0,no,76020.5,0
11027,36.0,1150.89,premium,3.0,True,biennial,East,6.0,56.0,no,41440.15,1
11028,53.0,481.29,basic,0.0,True,annual,North,1.0,8.0,yes,25586.57,1
11029,,653.51,standard,1.0,False,monthly,East,1.0,55.0,yes,7733.64,0
11030,54.0,609.01,premium,0.0,True,annual,South,2.0,0.0,no,34524.6,0
11031,47.0,637.27,,1.0,True,monthly,South,1.0,20.0,no,30629.56,1
11032,6.0,414.47,basic,1.0,True,monthly,North,4.0,21.0,yes,2559.9,0
11033,6.0,447.91,basic,4.0,,monthly,North,4.0,53.0,no,2168.63,1
11034,32.0,695.25,standard,1.0,True,monthly,West,1.0,3.0,no,21414.43,0
11035,22.0,1187.13,premium,0.0,False,biennial,South,0.0,,no,26514.76,0
11036,18.0,458.52,standard,,False,monthly,South,2.0,50.0,,7779.59,1
11037,18.0,558.75,standard,1.0,True,monthly,East,2.0,9.0,no,10191.23,0
11038,35.0,344.02,basic,1.0,True,biennial,West,3.0,14.0,no,10141.39,0
11039,28.0,564.19,standard,0.0,False,monthly,South,1.0,51.0,no,15267.53,1
11040,59.0,1068.89,premium,0.0,False,annual,East,0.0,35.0,no,62955.42,0
11041,1.0,316.04,basic,0.0,False,monthly,North,1.0,28.0,yes,1283.85,0
11042,0.0,653.45,standard,0.0,True,monthly,East,2.0,51.0,no,0.0,1
11043,46.0,758.17,premium,1.0,,biennial,South,1.0,45.0,yes,33389.99,0
11044,68.0,434.35,basic,1.0,True,monthly,East,3.0,4.0,yes,29980.52,1
11045,19.0,791.31,standard,2.0,True,annual,East,4.0,28.0,no,14970.83,0
11046,10.0,192.86,basic,1.0,True,monthly,West,1.0,46.0,no,206.58,0
11047,1.0,587.5,standard,,True,monthly,West,3.0,46.0,no,0.0,1
11048,66.0,460.31,standard,2.0,True,monthly,North,4.0,26.0,yes,29733.58,0
11049,11.0,642.67,standard,1.0,False,monthly,West,3.0,24.0,no,,0
11050,19.0,583.75,standard,2.0,False,monthly,East,2.0,15.0,no,12480.54,0
11051,4.0,321.9,basic,0.0,True,annual,West,1.0,15.0,no,206.46,0
11052,36.0,1262.17,premium,,False,monthly,South,3.0,35.0,yes,45976.9,1
11053,,501.77,standard,0.0,True,monthly,,1.0,24.0,no,16604.64,0
11054,8.0,402.86,basic,2.0,False,monthly,East,4.0,40.0,no,3583.84,1
11055,52.0,616.84,standard,1.0,True,biennial,East,3.0,0.0,yes,33582.26,0
11056,43.0,552.08,standard,1.0,True,biennial,South,2.0,4.0,yes,23881.14,0
11057,23.0,278.61,basic,3.0,False,annual,East,4.0,40.0,no,5739.87,1
11058,29.0,1166.97,premium,0.0,True,biennial,West,0.0,19.0,no,35074.67,0
11059,58.0,1018.8,premium,1.0,False,monthly,South,,4.0,no,59439.28,1
11060,13.0,373.27,basic,2.0,True,monthly,East,3.0,35.0,no,5006.1,0
11061,8.0,1364.15,premium,0.0,True,annual,West,1.0,28.0,no,9895.47,0
11062,39.0,292.8,basic,0.0,True,annual,West,1.0,47.0,no,11782.97,0
11063,65.0,385.36,basic,3.0,True,monthly,North,5.0,33.0,yes,24363.68,0
11064,24.0,315.57,basic,1.0,True,monthly,West,3.0,57.0,yes,7885.12,0
11065,72.0,1206.3,premium,0.0,False,biennial,West,1.0,47.0,,86902.14,0
11066,21.0,636.43,standard,1.0,False,annual,North,1.0,17.0,yes,14449.15,0
11067,3.0,355.4,basic,0.0,False,monthly,North,4.0,1.0,no,490.19,0
11068,25.0,385.61,basic,2.0,False,annual,South,2.0,15.0,no,9490.9,1
11069,57.0,754.84,standard,1.0,True,monthly,West,2.0,28.0,no,43824.19,0
11070,28.0,270.32,basic,4.0,False,monthly,South,4.0,32.0,no,7332.92,0
11071,36.0,1542.48,premium,1.0,True,monthly,South,3.0,15.0,no,55507.75,0
11072,69.0,1178.33,premium,1.0,False,monthly,East,3.0,34.0,no,80898.04,0
11073,17.0,557.55,standard,1.0,True,monthly,South,2.0,46.0,yes,9314.7,0
11074,41.0,1046.13,premium,2.0,False,annual,South,5.0,42.0,yes,43562.29,0
11075,40.0,382.12,basic,1.0,False,monthly,South,1.0,41.0,no,17120.71,1
11076,37.0,1133.56,premium,0.0,False,annual,South,0.0,16.0,yes,,0
11077,33.0,537.14,standard,2.0,False,monthly,North,3.0,3.0,no,16460.6,1
11078,16.0,654.15,standard,1.0,False,monthly,West,2.0,48.0,no,10324.92,1
11079,36.0,295.41,basic,0.0,False,biennial,East,1.0,3.0,no,10684.4,0
11080,24.0,,premium,2.0,True,annual,North,3.0,50.0,yes,33172.83,0
11081,,,basic,1.0,True,biennial,East,1.0,24.0,no,7796.62,0
11082,56.0,393.11,basic,1.0,True,biennial,East,3.0,32.0,yes,20781.8,0
11083,30.0,373.69,basic,0.0,True,monthly,North,0.0,13.0,no,10599.94,1
11084,5.0,735.17,standard,0.0,True,monthly,South,1.0,23.0,yes,4493.09,1
11085,39.0,676.5,standard,1.0,True,biennial,North,2.0,10.0,no,26476.57,0
11086,11.0,528.77,standard,3.0,True,biennial,East,3.0,24.0,yes,6492.03,0
11087,52.0,1019.82,premium,1.0,False,annual,East,2.0,27.0,yes,51827.23,0
11088,70.0,255.29,basic,1.0,False,annual,South,2.0,6.0,no,19314.44,0
11089,9.0,689.47,standard,5.0,,annual,North,6.0,48.0,yes,5643.35,0
11090,44.0,329.06,basic,3.0,True,,West,5.0,35.0,no,14953.84,1
11091,16.0,794.59,premium,3.0,,annual,East,7.0,9.0,yes,12588.36,1
11092,25.0,999.31,premium,2.0,True,annual,North,2.0,48.0,yes,24442.74,0
11093,61.0,602.46,standard,2.0,False,annual,South,3.0,35.0,no,37182.88,1
11094,45.0,557.9,standard,1.0,True,monthly,South,2.0,30.0,yes,25706.01,0
11095,63.0,344.43,basic,1.0,True,monthly,West,3.0,18.0,no,24387.1,1
11096,1.0,785.28,standard,0.0,False,monthly,East,2.0,17.0,no,1424.55,1
11097,53.0,705.07,premium,3.0,False,monthly,West,4.0,48.0,yes,37992.98,1
11098,64.0,580.89,standard,1.0,True,biennial,West,2.0,5.0,,38321.84,0
11099,50.0,346.42,basic,1.0,False,monthly,West,3.0,27.0,yes,17852.85,0
11100,52.0,844.38,standard,1.0,True,monthly,West,2.0,6.0,no,43869.05,0
11101,35.0,946.99,premium,0.0,,monthly,South,2.0,37.0,no,33470.38,1
11102,25.0,237.92,basic,1.0,True,annual,East,2.0,56.0,no,6802.81,0
11103,28.0,443.73,basic,0.0,True,monthly,,1.0,11.0,no,,0
11104,20.0,620.49,standard,3.0,True,monthly,East,3.0,40.0,yes,10899.12,0
11105,10.0,1027.44,premium,3.0,True,monthly,South,4.0,,no,8384.16,1
11106,39.0,261.2,basic,3.0,False,monthly,South,,33.0,no,11535.18,1
11107,10.0,542.8,basic,0.0,False,monthly,North,1.0,24.0,no,4630.54,1
11108,35.0,367.72,basic,0.0,True,monthly,North,1.0,16.0,no,11212.27,1
11109,58.0,351.7,basic,0.0,True,biennial,East,2.0,52.0,no,18646.64,0
11110,38.0,826.57,standard,1.0,False,monthly,North,1.0,32.0,no,33211.51,0
11111,53.0,606.36,standard,0.0,True,monthly,West,2.0,22.0,yes,,0
11112,54.0,655.96,standard,0.0,False,annual,East,1.0,8.0,yes,34626.75,0
11113,23.0,642.95,standard,0.0,False,monthly,South,1.0,5.0,yes,14034.1,1
11114,21.0,309.03,basic,0.0,True,annual,South,0.0,,no,6544.49,0
11115,68.0,1202.93,premium,2.0,True,monthly,West,3.0,37.0,yes,82658.63,1
11116,55.0,657.84,standard,1.0,True,annual,North,3.0,8.0,yes,35887.19,0
11117,32.0,1322.64,premium,0.0,True,annual,East,0.0,,no,41538.45,0
11118,35.0,546.89,standard,3.0,True,biennial,East,6.0,15.0,,20276.2,0
11119,19.0,369.93,basic,0.0,True,monthly,West,0.0,24.0,yes,7002.83,0
11120,61.0,741.24,standard,3.0,True,monthly,North,6.0,,yes,45024.01,0
11121,72.0,284.83,basic,3.0,True,monthly,East,3.0,46.0,no,21099.88,1
11122,25.0,669.41,,3.0,True,biennial,West,5.0,28.0,yes,14598.92,0
11123,65.0,447.7,basic,2.0,True,biennial,East,2.0,43.0,no,29574.63,0
11124,72.0,311.03,basic,2.0,True,monthly,South,3.0,54.0,no,22805.08,0
11125,72.0,1264.54,premium,2.0,True,monthly,East,3.0,39.0,no,89667.96,1
11126,39.0,300.8,basic,3.0,True,monthly,East,4.0,25.0,yes,,0
11127,16.0,1324.17,premium,1.0,False,,East,2.0,37.0,no,20622.36,0
11128,0.0,314.3,basic,1.0,True,monthly,,2.0,34.0,no,497.27,1
11129,60.0,772.12,standard,2.0,False,monthly,North,5.0,22.0,no,46612.07,0
11130,42.0,742.43,standard,0.0,True,annual,West,4.0,3.0,yes,32886.11,0
11131,41.0,727.92,standard,2.0,True,biennial,North,3.0,58.0,yes,30028.14,0
11132,24.0,359.11,basic,3.0,True,biennial,East,3.0,41.0,no,7219.81,0
11133,38.0,298.8,,1.0,False,monthly,East,1.0,13.0,no,11103.43,0
11134,,336.7,basic,1.0,True,annual,North,1.0,52.0,no,10149.16,0
11135,2.0,472.71,basic,3.0,True,biennial,North,6.0,55.0,no,766.32,0
11136,43.0,519.28,standard,0.0,True,monthly,East,1.0,46.0,no,23737.95,0
11137,50.0,1252.9,premium,0.0,,annual,East,1.0,38.0,no,63104.24,0
11138,11.0,,premium,2.0,,monthly,South,4.0,6.0,no,,1
11139,18.0,776.58,standard,3.0,False,monthly,West,4.0,7.0,no,14570.78,0
11140,43.0,627.57,standard,2.0,True,monthly,North,3.0,41.0,no,26207.73,0
11141,58.0,568.85,standard,0.0,False,monthly,West,2.0,50.0,yes,30229.86,1
11142,48.0,233.02,basic,1.0,True,annual,,2.0,18.0,yes,9951.48,0
11143,60.0,799.91,premium,1.0,False,monthly,West,2.0,1.0,no,,0
11144,16.0,820.19,standard,1.0,False,monthly,North,1.0,46.0,no,13895.38,1
11145,56.0,519.89,standard,1.0,True,monthly,North,1.0,0.0,no,,0
11146,54.0,392.67,basic,0.0,False,biennial,West,1.0,41.0,no,21545.36,1
11147,46.0,272.99,basic,1.0,False,,North,3.0,37.0,no,13904.7,1
11148,11.0,739.99,standard,1.0,True,annual,South,3.0,,no,8769.98,0
11149,61.0,1047.96,premium,3.0,True,annual,East,3.0,12.0,no,64862.96,0
11150,7.0,611.53,standard,0.0,False,monthly,East,1.0,41.0,yes,5382.43,0
11151,20.0,262.93,basic,0.0,True,monthly,North,,43.0,no,5745.62,0
11152,69.0,1374.29,premium,0.0,True,annual,East,2.0,23.0,no,95900.86,0
11153,71.0,,basic,0.0,False,monthly,South,1.0,31.0,no,23534.46,0
11154,24.0,,basic,1.0,True,monthly,North,4.0,29.0,yes,4438.58,0
11155,11.0,284.39,basic,1.0,False,annual,South,1.0,5.0,yes,3779.03,0
11156,14.0,573.75,standard,1.0,False,monthly,South,2.0,37.0,,8407.28,1
11157,58.0,1135.03,premium,0.0,False,monthly,East,1.0,32.0,no,64956.47,1
11158,25.0,257.62,basic,1.0,True,monthly,East,4.0,43.0,no,5178.05,1
11159,25.0,1085.68,premium,0.0,True,monthly,West,3.0,54.0,no,27272.67,1
11160,46.0,373.87,basic,2.0,True,annual,South,3.0,22.0,no,17914.94,0
11161,31.0,778.1,premium,0.0,True,annual,East,1.0,9.0,no,24641.01,0
11162,9.0,335.52,standard,4.0,True,annual,South,5.0,56.0,yes,2000.03,1
11163,15.0,736.89,premium,0.0,True,,West,1.0,45.0,no,10257.97,0
11164,70.0,350.79,basic,1.0,True,monthly,South,2.0,14.0,no,25224.79,0
11165,16.0,1345.09,premium,2.0,True,monthly,North,3.0,59.0,no,21594.13,0
11166,22.0,644.92,standard,4.0,True,monthly,West,4.0,22.0,no,,0
11167,25.0,415.98,,0.0,False,monthly,West,0.0,55.0,no,10076.23,0
11168,6.0,904.75,premium,2.0,False,biennial,South,3.0,35.0,no,6168.02,0
11169,13.0,419.22,basic,1.0,False,,South,3.0,56.0,yes,5410.21,0
11170,6.0,1039.83,premium,0.0,True,monthly,East,1.0,0.0,no,5516.18,0
11171,8.0,395.29,basic,1.0,False,monthly,North,2.0,7.0,yes,4090.48,0
11172,47.0,694.25,standard,1.0,False,monthly,West,1.0,2.0,yes,31637.19,0
11173,71.0,634.31,standard,1.0,True,monthly,West,3.0,13.0,no,45110.16,0
11174,58.0,260.61,basic,1.0,True,monthly,West,2.0,16.0,yes,15292.87,0
11175,38.0,213.41,basic,0.0,True,monthly,East,2.0,33.0,no,7989.29,0
11176,17.0,225.71,basic,1.0,True,biennial,North,1.0,,no,4827.87,0
11177,58.0,558.1,standard,2.0,True,annual,West,2.0,5.0,yes,32942.42,0
11178,16.0,397.51,basic,2.0,True,monthly,West,3.0,4.0,no,6813.59,1
11179,,386.16,standard,0.0,False,monthly,East,2.0,45.0,no,5088.54,1
11180,30.0,423.92,basic,2.0,True,monthly,South,3.0,50.0,no,14573.93,1
11181,23.0,309.82,basic,1.0,True,annual,West,3.0,40.0,no,8590.53,0
11182,59.0,688.26,standard,2.0,False,annual,North,3.0,39.0,yes,41526.77,1
11183,44.0,283.11,,1.0,True,biennial,,1.0,28.0,no,13211.94,0
11184,2.0,1095.03,premium,0.0,False,monthly,North,1.0,34.0,no,1587.8,0
11185,36.0,1068.29,premium,2.0,True,,North,3.0,17.0,no,38409.36,0
11186,42.0,663.48,standard,2.0,False,monthly,East,3.0,39.0,no,28501.98,1
11187,39.0,787.54,standard,2.0,True,annual,West,4.0,47.0,no,31765.64,0
11188,54.0,383.59,premium,,True,,East,5.0,29.0,no,21605.91,0
11189,38.0,412.43,basic,2.0,True,monthly,North,3.0,14.0,no,16253.3,1
11190,14.0,220.02,basic,0.0,False,annual,North,0.0,52.0,no,5080.91,1
11191,3.0,253.28,basic,2.0,False,monthly,North,2.0,14.0,yes,624.25,1
11192,24.0,563.47,standard,3.0,True,monthly,East,6.0,15.0,yes,14536.47,1
11193,12.0,359.83,basic,1.0,False,monthly,North,4.0,56.0,yes,5209.4,1
11194,32.0,830.99,standard,0.0,True,monthly,West,0.0,32.0,no,27035.75,1
11195,15.0,934.18,premium,,False,monthly,North,2.0,9.0,no,14493.2,1
11196,41.0,779.05,premium,3.0,False,monthly,West,3.0,18.0,yes,32401.39,0
11197,65.0,705.17,standard,0.0,True,monthly,West,0.0,36.0,no,45127.81,0
11198,54.0,450.12,basic,0.0,True,monthly,North,2.0,49.0,no,24707.34,1
11199,41.0,974.3,premium,1.0,False,biennial,East,4.0,2.0,no,40694.58,0
11200,33.0,642.66,standard,0.0,False,monthly,South,0.0,35.0,yes,21529.72,1
